outer_fold,inner_val_fold,n_original,n_after_Fscore,n_after_corr,n_after_SFS,best_val_auc
0,1,3563,713,713,30,0.8741557248608633
0,2,3563,713,713,30,0.8854674446840514
0,3,3563,713,713,30,0.8961047786455973
0,4,3563,715,715,30,0.8737156370621387
1,0,3563,713,713,30,0.8610165522955279
1,2,3563,714,714,30,0.8879410325643766
1,3,3563,715,715,30,0.897477484007756
1,4,3563,713,713,30,0.8718536505807948
2,0,3563,713,713,30,0.8653302354064227
2,1,3563,714,714,30,0.8764296392356048
2,3,3563,715,715,30,0.9012694126814418
2,4,3563,713,713,30,0.8684241523657649
3,0,3563,713,713,30,0.859053331171989
3,1,3563,715,715,30,0.8734397795428757
3,2,3563,715,715,30,0.8904327419676349
3,4,3563,714,714,30,0.8741822662776582
4,0,3563,715,715,30,0.8625970353559915
4,1,3563,713,713,30,0.8820086093550188
4,2,3563,713,713,30,0.8883487668303645
4,3,3563,714,714,30,0.8969655509849048
