,SEQUENCE,label,seq_length
0,LRGIKNYRVAVL,1,12
1,YQL,1,3
2,HGPLGPL,1,7
3,RHV,1,3
4,DLGLGLPGAH,1,10
5,HEKVC,1,5
6,YAKP,1,4
7,SRYPS,1,5
8,YLMSR,1,5
9,CHI,1,3
10,NRVYIHPFHLLVYS,1,14
11,ESTVPERTHPACPDFN,1,16
12,AW,1,2
13,TCSP,1,4
14,PHE,1,3
15,SALAM,1,5
16,RCMAFLLSDGAAAAQQLLPQYW,1,22
17,RYPS,1,4
18,VAGTWY,1,6
19,LNGDVW,1,6
20,ISELGF,1,6
21,HFGDPFH,1,7
22,EEEQVGQGYETIRARL,1,16
23,PWE,1,3
24,VPVTST,1,6
25,MY,1,2
26,HEH,1,3
27,LVSK,1,4
28,GLTSK,1,5
29,YIY,1,3
30,RHA,1,3
31,VIPMGL,1,6
32,YKY,1,3
33,HPH,1,3
34,VKV,1,3
35,RHK,1,3
36,YLAGMN,1,6
37,VY,1,2
38,NHAV,1,4
39,YIPIQY,1,6
40,VECYGPNRPQF,1,11
41,ARHPHPHLSFM,1,11
42,YGGFL,1,5
43,FFGFN,1,5
44,PWS,1,3
45,HLPH,1,4
46,PKLPPVKK,1,8
47,KDVPP,1,5
48,CLV,1,3
49,RYLGY,1,5
50,RWA,1,3
51,WG,1,2
52,DLEE,1,4
53,SIITMTKEAKLPQLWKQIACRLYNTC,1,26
54,LWI,1,3
55,TEVWDSNEQ,1,9
56,RHW,1,3
57,CAQ,1,3
58,AWDPE,1,5
59,QLGNLGV,1,7
60,AADNANELFPPN,1,12
61,DHTKE,1,5
62,GFRGTIGLVG,1,10
63,GEGSGA,1,6
64,RADHP,1,5
65,PWA,1,3
66,HFH,1,3
67,FVAPAGTINY,1,10
68,WYT,1,3
69,FLKPLFNAALKLLP,1,14
70,YSY,1,3
71,LHW,1,3
72,DGVVYY,1,6
73,VPSIDDQEELM,1,11
74,AAVGGYRVAVL,1,11
75,LVDTGRGPIMY,1,11
76,MK,1,2
77,AMTGLDA,1,7
78,SVEIQALCDM,1,10
79,RADHPFL,1,7
80,PNRPQF,1,6
81,PIAAEVYEHTEGSTTSY,1,17
82,TSQLLSDQ,1,8
83,VAWRNRCKGTD,1,11
84,FKK,1,3
85,MILMR,1,5
86,DDPDKGMLKWKNDFFQEF,1,18
87,GTQY,1,4
88,RPNYTDA,1,7
89,MQFHT,1,5
90,LWQ,1,3
91,KTFCGRH,1,7
92,LHQ,1,3
93,PWH,1,3
94,PLHH,1,4
95,IKL,1,3
96,GQVPP,1,5
97,HDH,1,3
98,WEGPK,1,5
99,FVPH,1,4
100,IKK,1,3
101,HQIYPV,1,6
102,PWW,1,3
103,PYVRYL,1,6
104,HVRETALV,1,8
105,RHD,1,3
106,PWY,1,3
107,QYY,1,3
108,QCH,1,3
109,ISELGW,1,6
110,PVMGA,1,5
111,PSLVGRPPVGKLTL,1,14
112,WNIP,1,4
113,VCSV,1,4
114,NYKQM,1,5
115,YLG,1,3
116,DEDTQAMP,1,8
117,VNPHDHQN,1,8
118,TIASGEP,1,7
119,LMGQW,1,5
120,LLPHHADADY,1,10
121,KVLPVPQK,1,8
122,HLPLPL,1,6
123,RPPGFSPFR,1,9
124,PWT,1,3
125,AWIRGCRL,1,8
126,YQKFPQY,1,7
127,VLEANPRSF,1,9
128,ESTTVPERTHPACPDFN,1,17
129,WDDMEK,1,6
130,EWPAQ,1,5
131,GPLGLLGFLGPLGLS,1,15
132,NEN,1,3
133,YQY,1,3
134,RNDDLNYIQ,1,9
135,PMDYMVT,1,7
136,YVY,1,3
137,WRNRCKGTD,1,9
138,LLPHH,1,5
139,LHPH,1,4
140,LHS,1,3
141,YNI,1,3
142,YGYTGA,1,6
143,WYSLA,1,5
144,VHHANEN,1,7
145,VIPAGYP,1,7
146,YPPAK,1,5
147,DVPPYM,1,6
148,YYV,1,3
149,PSHDAHPE,1,8
150,GALAAH,1,6
151,LMSYMWSTSM,1,10
152,ADF,1,3
153,AGGF,1,4
154,NGPLQAGQPGER,1,12
155,LWY,1,3
156,YPI,1,3
157,PSKYEPFV,1,8
158,YYI,1,3
159,PHT,1,3
160,PYY,1,3
161,PPK,1,3
162,VKVLLEHPVL,1,10
163,IRGCRL,1,6
164,VYPFPGPIPN,1,10
165,RYQ,1,3
166,PLFQNKLAHAK,1,11
167,LWE,1,3
168,YYE,1,3
169,EEYFPVGGDRPESF,1,14
170,WY,1,2
171,LLPF,1,4
172,HHY,1,3
173,PHF,1,3
174,AYY,1,3
175,VKAGFAWTANQQLS,1,14
176,LAC,1,3
177,IEEAF,1,5
178,GHH,1,3
179,PWV,1,3
180,LHL,1,3
181,LWW,1,3
182,LFC,1,3
183,FYQL,1,4
184,RWR,1,3
185,PVSHDHAPEY,1,10
186,QWPAQ,1,5
187,LYEGY,1,5
188,FIKK,1,4
189,LWK,1,3
190,LWS,1,3
191,HMPVTK,1,6
192,SWN,1,3
193,QYDQGV,1,6
194,TYY,1,3
195,HDHPVC,1,6
196,PHQ,1,3
197,PSDHDHE,1,7
198,LPYY,1,4
199,LWG,1,3
200,VDYP,1,4
201,YSEMPPGK,1,8
202,YWVTSGPK,1,8
203,LHG,1,3
204,LHR,1,3
205,LHN,1,3
206,YAKPA,1,5
207,PSIPA,1,5
208,TEFTK,1,5
209,IANNEADAISLDGGQVFEAG,1,20
210,LWV,1,3
211,RASDPLLSV,1,9
212,LEELEEELEGCE,1,12
213,WEIKPSSLTGKSPYFSNNHGKL,1,22
214,MTEEY,1,5
215,YYS,1,3
216,NYY,1,3
217,RHH,1,3
218,DRVYIHPF,1,8
219,PHR,1,3
220,VHDY,1,4
221,VVKL,1,4
222,FHNMEK,1,6
223,PHYL,1,4
224,RYLG,1,4
225,YEDCTDCGN,1,9
226,KKY,1,3
227,RHPHP,1,5
228,RHG,1,3
229,EERYP,1,5
230,GTW,1,3
231,HYH,1,3
232,LQSGDALRVPSGTTYY,1,16
233,WSVPQPK,1,7
234,PHCKRM,1,6
235,ACFL,1,4
236,DRVYIHPFHL,1,10
237,RHE,1,3
238,AEEEYPDL,1,8
239,TRTGDPFF,1,8
240,WHNVSGSP,1,8
241,AH,1,2
242,YNY,1,3
243,YYG,1,3
244,YYA,1,3
245,LHK,1,3
246,RHL,1,3
247,PWQ,1,3
248,AGWNI,1,5
249,GGIF,1,4
250,PVDENDEG,1,8
251,FRADHPFL,1,8
252,PW,1,2
253,AHK,1,3
254,WYS,1,3
255,LLR,1,3
256,VECYG,1,5
257,HPHL,1,4
258,AHH,1,3
259,TW,1,2
260,PWD,1,3
261,MM,1,2
262,LWA,1,3
263,HHW,1,3
264,GWNIP,1,5
265,LARL,1,4
266,YLYP,1,4
267,PWL,1,3
268,YSTA,1,4
269,CAAP,1,4
270,STMMEERRMKVY,1,12
271,WYSLAMA,1,7
272,VGGRP,1,5
273,FGHPY,1,5
274,ISELWG,1,6
275,RWN,1,3
276,SHDAHPE,1,7
277,ELLI,1,4
278,YYD,1,3
279,AVPYPQR,1,7
280,RWY,1,3
281,IHH,1,3
282,LPF,1,3
283,SAEHGSLH,1,8
284,LHA,1,3
285,GFYPPP,1,6
286,HHLP,1,4
287,SYY,1,3
288,YYL,1,3
289,RWI,1,3
290,PWN,1,3
291,QHH,1,3
292,GPVRGPFPII,1,10
293,PHD,1,3
294,VAPFPGVFGK,1,10
295,IYIEQGNGITGM,1,12
296,FEQL,1,4
297,DHG,1,3
298,YQLD,1,4
299,EL,1,2
300,KHNRGDEF,1,8
301,LQGM,1,4
302,YLGAK,1,5
303,LLHH,1,4
304,WPL,1,3
305,VPKNYFHDIV,1,10
306,GPGGFI,1,6
307,LHE,1,3
308,YMY,1,3
309,LDY,1,3
310,FRSGILKLASKIPSVLCAVLKNC,1,23
311,YHH,1,3
312,KD,1,2
313,IY,1,2
314,LQL,1,3
315,YLGY,1,4
316,AEAQKQLR,1,8
317,YVEEL,1,5
318,LALPA,1,5
319,VAVDKHDYEPLGHSDIGVY,1,19
320,FPLEMMPF,1,8
321,YAEERYPIL,1,9
322,CQC,1,3
323,YDY,1,3
324,LVMFLDNQHRVIRH,1,14
325,EFLQ,1,4
326,AMRLTYNRPCLGAT,1,14
327,WISELG,1,6
328,AIRQGDVF,1,8
329,LGFEYY,1,6
330,LHD,1,3
331,DVFRELRVQ,1,9
332,HYY,1,3
333,PHL,1,3
334,VPNSYP,1,6
335,FPQY,1,4
336,YQEPVLGPVRGPFPIIV,1,17
337,LHY,1,3
338,HH,1,2
339,LTTLDSE,1,7
340,PKAV,1,4
341,AKAWGIPPHVIPQIVPVRIRPLCGNV,1,26
342,IIENGEKWS,1,9
343,MHI,1,3
344,NQE,1,3
345,HPLH,1,4
346,RWW,1,3
347,VPYPQ,1,5
348,SGAF,1,4
349,DSGVT,1,5
350,NHRYDR,1,6
351,SVMPVVA,1,7
352,WEN,1,3
353,HHPLL,1,5
354,RWE,1,3
355,NFHPQ,1,5
356,DPALATEPDPMPF,1,13
357,AY,1,2
358,FVAGK,1,5
359,GIISHR,1,6
360,QHGV,1,4
361,GYY,1,3
362,HWH,1,3
363,LWN,1,3
364,DAQEKLE,1,7
365,LANAK,1,5
366,YPEL,1,4
367,PYPQ,1,4
368,LY,1,2
369,VLYEE,1,5
370,YLKT,1,4
371,YYY,1,3
372,LWF,1,3
373,RHS,1,3
374,APIRMWYMYRKLTDMEPKPVA,1,21
375,MPDAHL,1,6
376,EQC,1,3
377,SGQYFL,1,6
378,PHN,1,3
379,PHS,1,3
380,LNLPTAVYMVT,1,11
381,GNRGFACRHA,1,10
382,IPAGM,1,5
383,FDSGPAGVL,1,9
384,PSLPA,1,5
385,LVNPHDHQN,1,9
386,GSGGL,1,5
387,MEMK,1,4
388,EELDNALN,1,8
389,MWL,1,3
390,TGGGNV,1,6
391,RHM,1,3
392,DWDPK,1,5
393,NGLEGLK,1,7
394,RDMPIQ,1,6
395,GFFDRIKALTKNVTLELLNTITCKLPVTPP,1,30
396,TYQTF,1,5
397,FLHRP,1,5
398,LQPGQGQQ,1,8
399,AQIPQQ,1,6
400,SDRDLLGPNNQYLPK,1,15
401,AGWNIP,1,6
402,IQW,1,3
403,RPDFDLEPPY,1,10
404,TETWNPNHPEL,1,11
405,RHT,1,3
406,LPHH,1,4
407,YLAGKPQQEH,1,10
408,KVI,1,3
409,PWF,1,3
410,EYY,1,3
411,HHF,1,3
412,YFE,1,3
413,VVGGDGDV,1,8
414,KFPE,1,4
415,YGLN,1,4
416,RHY,1,3
417,KAI,1,3
418,ACQ,1,3
419,IAPNYNTRATKL,1,12
420,YGY,1,3
421,LELHKLRSSHWFSRR,1,15
422,TDY,1,3
423,YYN,1,3
424,WYSLAMAASDI,1,11
425,GYLEQ,1,5
426,RWG,1,3
427,WVYY,1,4
428,RNR,1,3
429,WPP,1,3
430,LWT,1,3
431,IVEYF,1,5
432,LVGDEQAVPAVCVP,1,14
433,RHQ,1,3
434,RW,1,2
435,VYY,1,3
436,VKL,1,3
437,VW,1,2
438,GAH,1,3
439,GIFE,1,4
440,YNL,1,3
441,YQIGL,1,5
442,GVPLT,1,5
443,RHN,1,3
444,RLKKY,1,5
445,ECA,1,3
446,ALEPDHR,1,7
447,RHI,1,3
448,IRW,1,3
449,AYPS,1,4
450,MHH,1,3
451,RHF,1,3
452,RYY,1,3
453,VSYT,1,4
454,FFAPGRNPTSFS,1,12
455,SVYT,1,4
456,CVHWMTNTARTACIAP,1,16
457,PHW,1,3
458,YYH,1,3
459,IEAEGE,1,6
460,LPHSGY,1,6
461,VPW,1,3
462,HHPL,1,4
463,YWY,1,3
464,VHH,1,3
465,PHI,1,3
466,FDEQE,1,5
467,FLQEFLHV,1,8
468,DYK,1,3
469,FC,1,2
470,SNAAC,1,5
471,YLL,1,3
472,VGDI,1,4
473,LWH,1,3
474,WYGPD,1,5
475,FYY,1,3
476,AGTTCLFTPLALPYDYSH,1,18
477,LYY,1,3
478,AMRLTGNRPGLYAT,1,14
479,EFQI,1,4
480,FIPGLRRLFATVVPTVVCAINKLPPG,1,26
481,LWM,1,3
482,AGWNIPIGT,1,9
483,AEERYP,1,6
484,YRY,1,3
485,PWR,1,3
486,PPQ,1,3
487,YYQ,1,3
488,IQY,1,3
489,YEADARSFHDLAEHDIRV,1,18
490,NPYVPR,1,6
491,AMRLTYNRPCIYAT,1,14
492,RYL,1,3
493,FLPF,1,4
494,LMCH,1,4
495,EAK,1,3
496,LSGYGP,1,6
497,YVL,1,3
498,SHH,1,3
499,WYY,1,3
500,LPL,1,3
501,SDF,1,3
502,WSY,1,3
503,FVNQPYLLYSVHMK,1,14
504,VKEAMPK,1,7
505,YYR,1,3
506,RWH,1,3
507,AMRLTYNKPCLYGT,1,14
508,KGLWE,1,5
509,IYY,1,3
510,LQPGQGQQG,1,9
511,GVQEGAGHYALL,1,12
512,LWD,1,3
513,MPACGSS,1,7
514,KLSDW,1,5
515,YPFPG,1,5
516,VPSGK,1,5
517,LLGPGLTNHA,1,10
518,YQK,1,3
519,HNPI,1,4
520,RWT,1,3
521,PSYV,1,4
522,YFYPEL,1,6
523,CSQAPLA,1,7
524,DYY,1,3
525,YYIVS,1,5
526,TVYQ,1,4
527,HHP,1,3
528,GGE,1,3
529,FYPEL,1,5
530,ARHPHP,1,6
531,WSRRGEREEEDERRR,1,15
532,VFPW,1,4
533,YQEPVLGP,1,8
534,PWI,1,3
535,FEQI,1,4
536,LHV,1,3
537,VKEAMAPK,1,8
538,VLSRYPS,1,7
539,PHV,1,3
540,LLPHHH,1,6
541,ALP,1,3
542,WL,1,2
543,PQIPEQF,1,7
544,YNILSGFDTEL,1,11
545,SMRKPPG,1,7
546,FHH,1,3
547,PC,1,2
548,ADASVLPK,1,8
549,AQK,1,3
550,PAGY,1,4
551,FDK,1,3
552,YIEAVNKVSPRAGQF,1,15
553,FDYDPR,1,6
554,IPIQY,1,5
555,KVL,1,3
556,GLDIQK,1,6
557,PHHADS,1,6
558,YTY,1,3
559,DLE,1,3
560,GPP,1,3
561,FD,1,2
562,LNE,1,3
563,AELQVVDHLGQTV,1,13
564,GDL,1,3
565,LLAPPER,1,7
566,PAV,1,3
567,VLDTGLAGA,1,9
568,PEL,1,3
569,LVSGM,1,5
570,YA,1,2
571,QLE,1,3
572,VFD,1,3
573,LWR,1,3
574,PEV,1,3
575,AEFAES,1,6
576,TKI,1,3
577,PEG,1,3
578,ESIINF,1,6
579,EFFDVSNEQ,1,9
580,GAQ,1,3
581,VTQ,1,3
582,VLPIPQ,1,6
583,ILL,1,3
584,LGLNGDDVN,1,9
585,YQEP,1,4
586,LYPY,1,4
587,HPIKHQGLPQ,1,10
588,QAL,1,3
589,ADGF,1,4
590,AEP,1,3
591,YSK,1,3
592,LHM,1,3
593,VGPLSPT,1,7
594,GEPGPPGPPGPPGPPG,1,16
595,VQVTSTAV,1,8
596,LHT,1,3
597,YGKPVAVPAR,1,10
598,RWL,1,3
599,VVVVPH,1,6
600,MPVHTDAD,1,8
601,QVVRSDQGSVR,1,11
602,VPKVK,1,5
603,TAAIVNTA,1,8
604,PTP,1,3
605,DDLPR,1,5
606,KAL,1,3
607,YSEEQQPSTR,1,10
608,VLV,1,3
609,FFNPVH,1,6
610,VLNSNAAPLPN,1,11
611,IEWEGIESGSVEQA,1,14
612,ENG,1,3
613,VEVGGGARAP,1,10
614,KKI,1,3
615,RVY,1,3
616,LKQELEDLLEKQE,1,13
617,HVIKPPSRA,1,9
618,QITEGEDGGG,1,10
619,DAQ,1,3
620,LKKISQ,1,6
621,SLA,1,3
622,QKW,1,3
623,ALA,1,3
624,VKRRGQDCIHGFCSD,1,15
625,AEK,1,3
626,DSAI,1,4
627,VLSTSFPPK,1,9
628,SSGFTY,1,6
629,RTP,1,3
630,RPSYT,1,5
631,NIQFNEQKAL,1,10
632,DPAQPNYPWTAVLVFRH,1,17
633,PTQ,1,3
634,YYDPL,1,5
635,IYPF,1,4
636,KELPPSDADW,1,10
637,TFD,1,3
638,PPHMLP,1,6
639,PHH,1,3
640,YKK,1,3
641,VTGRFAGHPAAQ,1,12
642,LPAGV,1,5
643,RLS,1,3
644,MYY,1,3
645,PLPPHMLP,1,8
646,KIP,1,3
647,LLNPT,1,5
648,TPSPR,1,5
649,FIGP,1,4
650,IVF,1,3
651,LHH,1,3
652,YLLLK,1,5
653,MSEGSGAADVEGPS,1,14
654,VEIPHD,1,6
655,QIGLF,1,5
656,GASRHWYFL,1,9
657,EVR,1,3
658,LAL,1,3
659,GAA,1,3
660,VCDADPSSPVPEA,1,13
661,DTGSDKKQL,1,9
662,PKAVHE,1,6
663,YPYY,1,4
664,YVHPFHL,1,7
665,RWQ,1,3
666,AMA,1,3
667,GPAGDY,1,6
668,HPHPHLSF,1,8
669,LEEAF,1,5
670,LDI,1,3
671,YGL,1,3
672,VSLPEW,1,6
673,QNIFSGFSTELLS,1,13
674,LRV,1,3
675,HGGEGGRPYHLGEES,1,15
676,AAAAAGGGEGEG,1,12
677,VLEESKGAPKPN,1,12
678,PYSFK,1,5
679,ALGGA,1,5
680,EGD,1,3
681,LPYPY,1,5
682,EQEEEESTGRMK,1,12
683,TNGIIR,1,6
684,NMAVPDALAGPL,1,12
685,DHHQVYSPGEQ,1,11
686,YGGVSLPEW,1,9
687,AGCGCEAMFAGA,1,12
688,PR,1,2
689,HNAVDSQIAGKA,1,12
690,EFFDVSNELFQ,1,11
691,YEGS,1,4
692,CAGVSAIR,1,8
693,IVQNNDSTEYG,1,11
694,ELK,1,3
695,SAP,1,3
696,FLNDFLHV,1,8
697,YQETSSSSSQE,1,11
698,SPYCYG,1,6
699,RDILNQ,1,6
700,DHHQ,1,4
701,VRT,1,3
702,KEFLLAGNNNRA,1,12
703,YINQMPQKSREA,1,12
704,FDGEVK,1,6
705,TVFDGELR,1,8
706,DKLDLSDLAHEY,1,12
707,WISELGW,1,7
708,RWAEK,1,5
709,WAFS,1,4
710,AAVKKMYDIQAKK,1,13
711,LDYE,1,4
712,IPIQYVL,1,7
713,FDTADLPSGKGYL,1,13
714,LEI,1,3
715,VKP,1,3
716,VPLSPT,1,6
717,IPAGV,1,5
718,GGRLDSGKQPPRQ,1,13
719,LSGNK,1,5
720,DTD,1,3
721,LDT,1,3
722,CLL,1,3
723,QVVPYPQ,1,7
724,GEQQQQPGMTR,1,11
725,YPSPV,1,5
726,NVNYVELLVAPNVDL,1,15
727,NPT,1,3
728,LQGMP,1,5
729,YQKF,1,4
730,ALE,1,3
731,ASPAPAGLSY,1,10
732,YFY,1,3
733,ISL,1,3
734,FLDALLKTVDCN,1,12
735,EQS,1,3
736,EIL,1,3
737,YVNDAATLLPR,1,11
738,MCYPAST,1,7
739,TPE,1,3
740,YYM,1,3
741,GFGPEL,1,6
742,LLF,1,3
743,HAEIN,1,5
744,CGA,1,3
745,THH,1,3
746,VLPVPQK,1,7
747,KY,1,2
748,KVA,1,3
749,NMGPLLPQ,1,8
750,ISELGY,1,6
751,SPFLQSAAFQLRN,1,13
752,QL,1,2
753,QKV,1,3
754,LDA,1,3
755,MDATALHYENQK,1,12
756,DHHK,1,4
757,GDRFQDQHQ,1,9
758,VVYFDQTQAQA,1,11
759,VVALALI,1,7
760,SVPQPK,1,6
761,ALPMHIR,1,7
762,VLPVP,1,5
763,LER,1,3
764,GPPGPPGPPGPPG,1,13
765,AVF,1,3
766,GQFNDKRWIPFG,1,12
767,DAHK,1,4
768,LGFEY,1,5
769,IVAGPQ,1,6
770,LSF,1,3
771,ALSAF,1,5
772,VVSNFGKTVFDGVL,1,14
773,YQKFP,1,5
774,ACNLPRMC,1,8
775,KPYVFRATGAL,1,11
776,MLELDPLNNLPRM,1,13
777,LAGNPHQQQQN,1,11
778,NYPSD,1,5
779,QKK,1,3
780,HYVPV,1,5
781,TQL,1,3
782,VLVPK,1,5
783,HLPLP,1,5
784,HIR,1,3
785,EYNNHGSFREAHPGA,1,15
786,SVL,1,3
787,FGERR,1,5
788,DSAIDLGD,1,8
789,EIPT,1,4
790,FDGLPAKPAKKEETR,1,15
791,WPRGYFL,1,7
792,LEQQVDDLEGSLEQEKK,1,17
793,LVL,1,3
794,FNP,1,3
795,AGLAPY,1,6
796,SGGY,1,4
797,GLAGA,1,5
798,KHDRGDEF,1,8
799,ALK,1,3
800,LTC,1,3
801,GPPGPPGPPG,1,10
802,KYL,1,3
803,LDIQKEV,1,7
804,PLAQPA,1,6
805,MVPYPQR,1,7
806,SSDEEVREEKELDLSSNE,1,18
807,WALKGYK,1,7
808,LK,1,2
809,HGPL,1,4
810,FSDKIAK,1,7
811,RVPSLM,1,6
812,PHA,1,3
813,AEDKKLIQ,1,8
814,LVEKGDVAFI,1,10
815,LPWRPATNVF,1,10
816,KEEKFE,1,6
817,EEEKNRLTKKTKLT,1,14
818,LSSLEMGSLGALFVCM,1,16
819,VAW,1,3
820,FGER,1,4
821,YVE,1,3
822,PDLVF,1,5
823,QQFQQSGQAQLTE,1,13
824,GPAGPAG,1,7
825,GFPSG,1,5
826,LKP,1,3
827,EKF,1,3
828,HIAGKSSIFRA,1,11
829,APL,1,3
830,IIA,1,3
831,YHY,1,3
832,APGAPGPVG,1,9
833,PMH,1,3
834,WSVWEQELEDR,1,11
835,SEALGVSSQVARQ,1,13
836,TY,1,2
837,ETTL,1,4
838,VAMVPPFET,1,9
839,EYLARKGGVEVN,1,12
840,RGY,1,3
841,EEL,1,3
842,QQRQQQGL,1,8
843,HL,1,2
844,ACGNLPRMC,1,9
845,LEK,1,3
846,PGVPWP,1,6
847,LAGKPQQEHSGEHQ,1,14
848,NGE,1,3
849,ENS,1,3
850,ASD,1,3
851,GP,1,2
852,SLL,1,3
853,LPENAKVDQVK,1,11
854,VHLKP,1,5
855,AGT,1,3
856,VDHDHPE,1,7
857,SGGSYADELVSTAK,1,14
858,VGGIDEVIAK,1,10
859,WDR,1,3
860,YYK,1,3
861,EAL,1,3
862,GFVG,1,4
863,ADVFNPR,1,7
864,ENK,1,3
865,ISQAVHAHAEINEAGR,1,16
866,DAL,1,3
867,IIAEK,1,5
868,TQT,1,3
869,SFN,1,3
870,YGNWLYK,1,7
871,LW,1,2
872,HDHAERFSGHDNED,1,14
873,SAE,1,3
874,VLD,1,3
875,VEGNLQVLRPR,1,11
876,KPT,1,3
877,KYY,1,3
878,VYV,1,3
879,EVPKA,1,5
880,ALN,1,3
881,DLSDGEQGVL,1,10
882,TPEVDDEALKE,1,11
883,IQK,1,3
884,MNGEKKKAPLGDE,1,13
885,RGQVIYVL,1,8
886,IRL,1,3
887,CVPEVDPLLLRAE,1,13
888,WP,1,2
889,LT,1,2
890,YY,1,2
891,YPELF,1,5
892,GLD,1,3
893,ASPKPSSA,1,8
894,PQFYW,1,5
895,LELPLK,1,6
896,TEFHLL,1,6
897,QYP,1,3
898,LH,1,2
899,EPDRY,1,5
900,YAY,1,3
901,PP,1,2
902,VLLPDEVSGL,1,10
903,SDI,1,3
904,TVGGAPAGRIVME,1,13
905,IVT,1,3
906,WGLETAGSVVLLDLQ,1,15
907,IPA,1,3
908,HYEG,1,4
909,AP,1,2
910,SVDSQTAF,1,8
911,QGAR,1,4
912,YGIKVGYAIP,1,10
913,KKSKADLTEVTHK,1,13
914,HLHP,1,4
915,HQP,1,3
916,VGAPSVS,1,7
917,LDK,1,3
918,DLVKVEA,1,7
919,FVSACSVAG,1,9
920,VKELY,1,5
921,HK,1,2
922,AGNDGFEYVTLK,1,12
923,NGPLLPSDEMDRA,1,13
924,AYFYPE,1,6
925,IAE,1,3
926,LVYIIQGR,1,8
927,LEE,1,3
928,AYFYPEL,1,7
929,GGNYVGVP,1,8
930,LHF,1,3
931,RADHPF,1,6
932,RYQKF,1,5
933,YRGGLEPINF,1,10
934,YPIL,1,4
935,FSGGE,1,5
936,LGNTDYAVH,1,9
937,LWHTH,1,5
938,FPGLADR,1,7
939,LLPH,1,4
940,LQK,1,3
941,LPM,1,3
942,PTGPNNGLSY,1,10
943,SSAPGGGRP,1,9
944,KVR,1,3
945,TTYY,1,4
946,QSL,1,3
947,LAPSLPGKPKPD,1,12
948,FIMGPY,1,6
949,DLDLRKDLYAN,1,11
950,GKGEGGGGLA,1,10
951,PLPLHMLP,1,8
952,SAGNPN,1,6
953,FSL,1,3
954,LAM,1,3
955,SV,1,2
956,KAQYPYV,1,7
957,IPAVFK,1,6
958,LGY,1,3
959,ADHP,1,4
960,VAG,1,3
961,GGLEPINFN,1,9
962,NP,1,2
963,DIQ,1,3
964,NHK,1,3
965,KII,1,3
966,HLPLPLL,1,7
967,RINK,1,4
968,HVAGTVA,1,7
969,TAGTGGGQFQPMR,1,13
970,ALT,1,3
971,FL,1,2
972,AVYVYDVNNNANQ,1,13
973,YFPVGGDRPESF,1,12
974,FNVVLK,1,6
975,KFD,1,3
976,WLLYLDGPPMGLT,1,13
977,WYSL,1,4
978,AQQQEQAQQQEQ,1,12
979,EEQ,1,3
980,YGGFM,1,5
981,QAGTGAGAGGGAGTKTSS,1,18
982,TIIPLPV,1,7
983,QPSSVDSQTAM,1,11
984,RY,1,2
985,QTDSHGNDRLLLT,1,13
986,YLY,1,3
987,LLL,1,3
988,SVNVPL,1,6
989,IR,1,2
990,VAPFPEVF,1,8
991,AAAAG,1,5
992,VVLYR,1,5
993,KGL,1,3
994,GNPIPREPGQVPAY,1,14
995,INY,1,3
996,GWNI,1,4
997,HLH,1,3
998,VALDGGL,1,7
999,SPFWNINAHS,1,10
1000,AQS,1,3
1001,LVR,1,3
1002,ACSNHSPLGWRGH,1,13
1003,PWG,1,3
1004,TERGY,1,5
1005,NM,1,2
1006,VE,1,2
1007,KP,1,2
1008,SY,1,2
1009,HC,1,2
1010,DW,1,2
1011,GEY,1,3
1012,FND,1,3
1013,AQA,1,3
1014,GEC,1,3
1015,CME,1,3
1016,LAF,1,3
1017,GPE,1,3
1018,WIR,1,3
1019,KYP,1,3
1020,KCL,1,3
1021,LLA,1,3
1022,TCG,1,3
1023,ALI,1,3
1024,LIV,1,3
1025,TMK,1,3
1026,MKG,1,3
1027,TWY,1,3
1028,YSL,1,3
1029,MAA,1,3
1030,AAS,1,3
1031,DIS,1,3
1032,LLD,1,3
1033,VEE,1,3
1034,LLQ,1,3
1035,KWE,1,3
1036,EKT,1,3
1037,KTK,1,3
1038,VFK,1,3
1039,KID,1,3
1040,NKV,1,3
1041,MEN,1,3
1042,NSA,1,3
1043,EPE,1,3
1044,PEQ,1,3
1045,QCL,1,3
1046,EVD,1,3
1047,VDD,1,3
1048,DEA,1,3
1049,DKA,1,3
1050,WAF,1,3
1051,CTN,1,3
1052,CGN,1,3
1053,LAN,1,3
1054,ERF,1,3
1055,MKW,1,3
1056,STW,1,3
1057,ETW,1,3
1058,SVW,1,3
1059,CNW,1,3
1060,DHW,1,3
1061,GQW,1,3
1062,MWC,1,3
1063,RDY,1,3
1064,GSH,1,3
1065,ACA,1,3
1066,TGC,1,3
1067,YPW,1,3
1068,LGF,1,3
1069,LFV,1,3
1070,WLP,1,3
1071,ISW,1,3
1072,LSW,1,3
1073,QAY,1,3
1074,YSQ,1,3
1075,PHC,1,3
1076,YPQ,1,3
1077,VVH,1,3
1078,LHI,1,3
1079,PHG,1,3
1080,PHM,1,3
1081,PHY,1,3
1082,WHH,1,3
1083,NHH,1,3
1084,YEY,1,3
1085,YYF,1,3
1086,YYW,1,3
1087,YYT,1,3
1088,FDRR,1,4
1089,LDQW,1,4
1090,INYW,1,4
1091,EFQL,1,4
1092,EFIQ,1,4
1093,WIQP,1,4
1094,ELIN,1,4
1095,GAWA,1,4
1096,AWFS,1,4
1097,IVPK,1,4
1098,LVPK,1,4
1099,CSGD,1,4
1100,MMGW,1,4
1101,QFAW,1,4
1102,TSTA,1,4
1103,GGRP,1,4
1104,FLPE,1,4
1105,VVLY,1,4
1106,EAVQ,1,4
1107,FSEY,1,4
1108,MFLG,1,4
1109,YGFL,1,4
1110,YGLF,1,4
1111,PLGG,1,4
1112,VKRP,1,4
1113,MHIRL,1,5
1114,IYLGQ,1,5
1115,YDTQA,1,5
1116,MDGAP,1,5
1117,MGSPT,1,5
1118,VKCFR,1,5
1119,PYFNK,1,5
1120,NRYHE,1,5
1121,FVLPH,1,5
1122,QTPRY,1,5
1123,NGRFY,1,5
1124,QWDRQ,1,5
1125,SHNPF,1,5
1126,REPKW,1,5
1127,LHSMK,1,5
1128,QFAAD,1,5
1129,DNLLN,1,5
1130,NKGPR,1,5
1131,RGLSK,1,5
1132,WLMSA,1,5
1133,LSNGK,1,5
1134,LKYPI,1,5
1135,YASVV,1,5
1136,NFWWP,1,5
1137,FWKVV,1,5
1138,TWKVV,1,5
1139,FMPLH,1,5
1140,YFLWP,1,5
1141,WVWWW,1,5
1142,VIAPW,1,5
1143,MWKVW,1,5
1144,LPILR,1,5
1145,VIEPR,1,5
1146,YPFVE,1,5
1147,YGFLP,1,5
1148,QIESW,1,5
1149,IPIGP,1,5
1150,YPLDL,1,5
1151,TSNLLT,1,6
1152,LMRWMR,1,6
1153,DWMKGQ,1,6
1154,WYSLAM,1,6
1155,WCTSVS,1,6
1156,DHPFLF,1,6
1157,TMFPSA,1,6
1158,SDWDRF,1,6
1159,WVAPLK,1,6
1160,LHDELT,1,6
1161,QRNNPY,1,6
1162,WDTRGQ,1,6
1163,VSPHLP,1,6
1164,WNMNAH,1,6
1165,SDGFQF,1,6
1166,TPCPPQ,1,6
1167,LLCVAV,1,6
1168,YFYPQL,1,6
1169,GFGPGL,1,6
1170,LTTLDS,1,6
1171,MPACGS,1,6
1172,FDPFPK,1,6
1173,LEDGLK,1,6
1174,IDDVLK,1,6
1175,MLLFPM,1,6
1176,RDKVYR,1,6
1177,LTEIIP,1,6
1178,YPFVVN,1,6
1179,YPLDLF,1,6
1180,YLGYLE,1,6
1181,NWEKIR,1,6
1182,RWWQLR,1,6
1183,AIILHQ,1,6
1184,DLTDFL,1,6
1185,VLLHLK,1,6
1186,DKIHPF,1,6
1187,VPYPQR,1,6
1188,SGYYMH,1,6
1189,LGTFQN,1,6
1190,LHALLL,1,6
1191,CYGPNR,1,6
1192,VLPVPEK,1,7
1193,SSGFTMQ,1,7
1194,FRDEHKK,1,7
1195,EAAVYPL,1,7
1196,APGAGVY,1,7
1197,WIRGCRL,1,7
1198,YYQQKPV,1,7
1199,LPDEVSG,1,7
1200,QFLLAGR,1,7
1201,NQNGRFY,1,7
1202,GSIFVPH,1,7
1203,HHQDPPW,1,7
1204,VGGDGDV,1,7
1205,IIAPPER,1,7
1206,LAPSTIK,1,7
1207,AGDDAPR,1,7
1208,FKGPACA,1,7
1209,SVLGTGC,1,7
1210,YPFPGPI,1,7
1211,RYLGYLE,1,7
1212,IDLGTTY,1,7
1213,GEGFFEM,1,7
1214,APGIIPR,1,7
1215,AEYVRLY,1,7
1216,AIILHQQ,1,7
1217,HQTSEFK,1,7
1218,IILHQQQ,1,7
1219,PSIVGRP,1,7
1220,KVLPVPE,1,7
1221,KVLPVPQ,1,7
1222,DAQEFKR,1,7
1223,KVLPVPEK,1,8
1224,HTVQCMFQ,1,8
1225,YPKLAPNE,1,8
1226,FVAPFPEV,1,8
1227,FALPQYLK,1,8
1228,GMPGFDVR,1,8
1229,YSNQNGRF,1,8
1230,PQGPIGVP,1,8
1231,SRGLPGME,1,8
1232,PAGLPGPA,1,8
1233,VAPEEHPV,1,8
1234,NYVADGLG,1,8
1235,LQAEQDDR,1,8
1236,FAPVPFDF,1,8
1237,YPFPGPIP,1,8
1238,YPFPGPIN,1,8
1239,IGFLIIWV,1,8
1240,AGWACLVG,1,8
1241,AIILHQQQ,1,8
1242,GTFLQPHQ,1,8
1243,LTADILPR,1,8
1244,VAITLTMK,1,8
1245,VLPPQQQY,1,8
1246,VPPSKLSP,1,8
1247,VSKSVLVK,1,8
1248,DNIPIVIR,1,8
1249,EALEAMFL,1,8
1250,ITFAAYRR,1,8
1251,HPVPPKKK,1,8
1252,GEPGPPGAP,1,9
1253,LARNATPPR,1,9
1254,LADGVAAPA,1,9
1255,LSKAQSDFG,1,9
1256,VLSPPFTGE,1,9
1257,WIHNENQGF,1,9
1258,QGLQGLPGT,1,9
1259,KGPPGEIGR,1,9
1260,AAAPVAVAK,1,9
1261,YDDGSYKPH,1,9
1262,AIGVGAIER,1,9
1263,YLAGNQEQE,1,9
1264,VVPPFLQPE,1,9
1265,PFPEVFGKE,1,9
1266,SDPPLVFVG,1,9
1267,NLNQCQRYM,1,9
1268,WVSPLAGRT,1,9
1269,NAVPITPTL,1,9
1270,MYGAVTPVK,1,9
1271,AFDEGPWPK,1,9
1272,AGLQFPVGR,1,9
1273,AMPVEVVQF,1,9
1274,ENLQNYRLL,1,9
1275,ESTAKQVIR,1,9
1276,ESTLHLVLR,1,9
1277,QTVAVGVIK,1,9
1278,VMTVHNTPY,1,9
1279,VIESPPEIN,1,9
1280,ELQDKIHPF,1,9
1281,YVAQGEGVVA,1,10
1282,DVCGRDVNGY,1,10
1283,MYVVELMMSF,1,10
1284,AWEEREQGSR,1,10
1285,RVQVVNNNGK,1,10
1286,RQSHFANAQP,1,10
1287,APGPAGARGN,1,10
1288,QGPPGPAGPA,1,10
1289,FIARNFLLGW,1,10
1290,DEQIPSHPPR,1,10
1291,AGFAGDDAPR,1,10
1292,GLLGKNFTSK,1,10
1293,TSLDLPVLRW,1,10
1294,TSVEIITSSK,1,10
1295,TTAGILLPEK,1,10
1296,VETGVIKPGM,1,10
1297,VVVNIPPTLK,1,10
1298,YGVSGYPTLK,1,10
1299,VFGKEKVNEL,1,10
1300,VLNPWDQVKR,1,10
1301,PAGSAAGAAP,1,10
1302,LCPVHRAADL,1,10
1303,QTFQYSRGWTN,1,11
1304,LVTGDDKTNLK,1,11
1305,MPVDVIANAYR,1,11
1306,HNLDTQTESDV,1,11
1307,SCQDQPTTLAR,1,11
1308,YIQKEDVPSER,1,11
1309,IGINAENNQRN,1,11
1310,EDELQDKIHPF,1,11
1311,AVFPSIVGRPR,1,11
1312,GGVLPNINPVL,1,11
1313,GPIYSNEFGKF,1,11
1314,GTIAGGGVIPH,1,11
1315,IGGIGTVPVGR,1,11
1316,LAQGTFLQPHQ,1,11
1317,TKMDEGVVTKK,1,11
1318,VLVSGSIHYPR,1,11
1319,MPFPKYPVQPF,1,11
1320,NAGPFTPTVNR,1,11
1321,PAEMVAAALDR,1,11
1322,KVALMSAGSMH,1,11
1323,GTPGLQGMPGER,1,12
1324,GPAGPTGARGAP,1,12
1325,FVDAQPQQKEEG,1,12
1326,VIESPPEINTVQ,1,12
1327,FLKKISQRYQKF,1,12
1328,HLQDFGSEILPR,1,12
1329,QDAHVPDNFIPK,1,12
1330,AAPFPGQKSLQR,1,12
1331,TVTSLDLPVLRW,1,12
1332,YFPTQALNFAFK,1,12
1333,SLVYPFPGPIPN,1,12
1334,PVLGPVRGPFPI,1,12
1335,GNQEKVLELVQR,1,12
1336,NADFGLNGLEGLA,1,13
1337,GTVFEKKALPGPM,1,13
1338,LRENNKLMLLELK,1,13
1339,TIDMESTEVFTKK,1,13
1340,QETTGVEGPKGDT,1,13
1341,GSPGADGPIGAPG,1,13
1342,ASGLCPEEAVPRR,1,13
1343,MRKPQQEEDDDDE,1,13
1344,QNWDFCEAWEPCF,1,13
1345,IKGTIAGGGVIPH,1,13
1346,QQPVLGPVRGPFP,1,13
1347,MAPKHEMPFPKYP,1,13
1348,GPRGLPGERGRPGA,1,14
1349,GKHQQEEENEGGSI,1,14
1350,NALEPDHRVESEGG,1,14
1351,HEQKEEHEWHRKEE,1,14
1352,QGPIVLNPWDQVKR,1,14
1353,ALPQYLKTVYQHQK,1,14
1354,IQPKTKVIPYVRYL,1,14
1355,DLGSTGGRGPSAGM,1,14
1356,FLPFFAACAITRKC,1,14
1357,NSSYFVEWIPNNVK,1,14
1358,HKEMPFPKYPVQPF,1,14
1359,QEPVLGPVRGPFPI,1,14
1360,IPNPIGSENSGKIT,1,14
1361,MAPAAVAAAEAGSK,1,14
1362,VLPVPQKKVLPVPQK,1,15
1363,NTVPAKSCQAQPTTM,1,15
1364,FLTGLIGGLMKALGK,1,15
1365,VLSLSQSKVLPVPQK,1,15
1366,APFPEVFGKEKVNEL,1,15
1367,SKVLPVPQKAVPYPQ,1,15
1368,GPAGSPGFQGLPGPAG,1,16
1369,PGAEGAPGRDGAAGPK,1,16
1370,PGEKGSPGADGPIGAP,1,16
1371,RFIYMKGFGKPRFGKR,1,16
1372,FLPVLGKVIKLVGGLL,1,16
1373,EGGDGGYGGGGGGSRW,1,16
1374,QQPVLGPVRGPFPIIV,1,16
1375,AAGAAAAARSAGQCGR,1,16
1376,HKEMQAIFDVYIMFIN,1,16
1377,AKYIPIQYVLSRYPSY,1,16
1378,APSFSDIPNPIGSENSE,1,17
1379,SQSKVLPVPQKAVPYPQ,1,17
1380,EGGGGGYGGGGGGYGGR,1,17
1381,GPSSSPDIYNPEAGRIK,1,17
1382,TVVPPKGGSFYPGETTP,1,17
1383,HKEMPFPKYPVEPFTESQ,1,18
1384,IWCKDDQNPHSSNISCDKF,1,19
1385,GGGGYGGGGGGYGGGGGGY,1,19
1386,HQPPQPLPPTVMFPPQSVL,1,19
1387,AYLQAQQLLPFNQLVRSPAA,1,20
1388,GWANTLKNVAGGLCKITGAA,1,20
1389,GAPKGCWTKSYPPQPCFGKK,1,20
1390,TVVPPKGGSFYPGETTPLQQ,1,20
1391,NIPPLTQTPVVVPFLQPEVM,1,20
1392,THL,0,3
1393,KGA,0,3
1394,DAQ,0,3
1395,LACQE,0,5
1396,IIKLYIST,0,8
1397,LEG,0,3
1398,KNRATLSPDDQLLFLNP,0,17
1399,LQD,0,3
1400,VYV,0,3
1401,AC,0,2
1402,VRSDF,0,5
1403,PEKNTY,0,6
1404,SVLGD,0,5
1405,ESARGDQF,0,8
1406,SRQDRGLE,0,8
1407,AIALAAAKL,0,9
1408,TCG,0,3
1409,MEKI,0,4
1410,IM,0,2
1411,AFA,0,3
1412,CGA,0,3
1413,KAL,0,3
1414,DPAQPNYPWTAVLVFRH,0,17
1415,YSL,0,3
1416,FQTLF,0,5
1417,WTDVAKDASSL,0,11
1418,QDIATAPEDKLGAASVSKHIALLRI,0,25
1419,IQVPL,0,5
1420,TWY,0,3
1421,YRYTK,0,5
1422,RETSSFLD,0,8
1423,ARTQ,0,4
1424,LGGTQSGSDT,0,10
1425,GTLIGSKDVVF,0,11
1426,FESFFL,0,6
1427,KAG,0,3
1428,PDLVF,0,5
1429,RSADERENPT,0,10
1430,LNPREA,0,6
1431,PAV,0,3
1432,TFNKPFLSY,0,9
1433,WNLNAN,0,6
1434,MAA,0,3
1435,QNVF,0,4
1436,VD,0,2
1437,SIH,0,3
1438,QSLIT,0,5
1439,SLDI,0,4
1440,DRMVKGL,0,7
1441,LCSLGGAK,0,8
1442,ALHLIA,0,6
1443,EDVQ,0,4
1444,ASEED,0,5
1445,ETL,0,3
1446,KAAI,0,4
1447,PGA,0,3
1448,AVRGLL,0,6
1449,RKQPVNTASFQPLKAGKC,0,18
1450,GGGRW,0,5
1451,GRMCRQY,0,7
1452,LAGVWHD,0,7
1453,LVLTLPPRFG,0,10
1454,GES,0,3
1455,KVE,0,3
1456,CVIV,0,4
1457,NTVEKIEIRKNIPFDGAK,0,18
1458,RVLE,0,4
1459,IAE,0,3
1460,LLD,0,3
1461,RHII,0,4
1462,TNQ,0,3
1463,TMFPSA,0,6
1464,PTQ,0,3
1465,KIP,0,3
1466,AKNLK,0,5
1467,GDRFQDQHQ,0,9
1468,DGYFD,0,5
1469,YGIKVGYAIP,0,10
1470,VMTSFSCDC,0,9
1471,FHR,0,3
1472,SLDFPALW,0,8
1473,FDK,0,3
1474,SAE,0,3
1475,LGFL,0,4
1476,VKLSVSELVV,0,10
1477,FDPVQI,0,6
1478,QQNMLA,0,6
1479,LKQT,0,4
1480,KDERMSRT,0,8
1481,VPYRIAP,0,7
1482,SSL,0,3
1483,EGK,0,3
1484,LDT,0,3
1485,MKC,0,3
1486,EGQSEMGKNS,0,10
1487,GDLP,0,4
1488,PWK,0,3
1489,CTWHYVP,0,7
1490,FSL,0,3
1491,VI,0,2
1492,INATALAVP,0,9
1493,RPLRSYA,0,7
1494,KKI,0,3
1495,GAL,0,3
1496,LDFRSAAMAL,0,10
1497,RWM,0,3
1498,DDGKNWGG,0,8
1499,VEE,0,3
1500,KWE,0,3
1501,SA,0,2
1502,ELIEFQFLAE,0,10
1503,EVD,0,3
1504,LN,0,2
1505,FE,0,2
1506,KLHHG,0,5
1507,CI,0,2
1508,FAS,0,3
1509,FHRAVQECTV,0,10
1510,GAFRLWD,0,7
1511,MKRRPA,0,6
1512,GFSF,0,4
1513,DPIG,0,4
1514,PLD,0,3
1515,NKTPW,0,5
1516,KKS,0,3
1517,GRIPGDKGGIFT,0,12
1518,WAF,0,3
1519,PRMGSVFNSA,0,10
1520,IYR,0,3
1521,GLY,0,3
1522,IDTQGK,0,6
1523,LRKIGVQYRG,0,10
1524,TILNAGR,0,7
1525,EEQ,0,3
1526,SEIITTEME,0,9
1527,LNE,0,3
1528,LLVELVLGVVMGCQ,0,14
1529,TFWT,0,4
1530,SVPQPK,0,6
1531,SVVTLR,0,6
1532,ASRGAEVTDLRDE,0,13
1533,KCAQL,0,5
1534,HNQRKRGS,0,8
1535,EACHK,0,5
1536,LDI,0,3
1537,KAA,0,3
1538,VIRP,0,4
1539,QLE,0,3
1540,NST,0,3
1541,FQ,0,2
1542,RQQ,0,3
1543,GHG,0,3
1544,LYQADCRV,0,8
1545,ATDVNIC,0,7
1546,WKELTW,0,6
1547,LLSN,0,4
1548,GAPK,0,4
1549,HQEIRL,0,6
1550,RGITK,0,5
1551,GAA,0,3
1552,PEG,0,3
1553,NGE,0,3
1554,AQS,0,3
1555,TKI,0,3
1556,DTD,0,3
1557,KGL,0,3
1558,AE,0,2
1559,AQELAVK,0,7
1560,KTK,0,3
1561,DEA,0,3
1562,DF,0,2
1563,RVY,0,3
1564,SFLYARVNEPLMLIS,0,15
1565,ISL,0,3
1566,RDILNQ,0,6
1567,YLSRIMLTLE,0,10
1568,DSSVKG,0,6
1569,ELE,0,3
1570,TQL,0,3
1571,SIKGR,0,5
1572,ENK,0,3
1573,MQDI,0,4
1574,APGAPGPVG,0,9
1575,MVNGTS,0,6
1576,KVEHDL,0,6
1577,KFNRPETT,0,8
1578,SVDSQTAF,0,8
1579,VQKD,0,4
1580,AGHEGFSS,0,8
1581,KDE,0,3
1582,LPVVYYES,0,8
1583,LEK,0,3
1584,LDTTLIESSVGTCYR,0,15
1585,QSHEAFVMAESNTAF,0,15
1586,KGK,0,3
1587,PAHHAEMI,0,8
1588,SGL,0,3
1589,IEL,0,3
1590,LLL,0,3
1591,ELTDK,0,5
1592,TGCI,0,4
1593,LNHDEDNVSYLYKLNA,0,16
1594,DALK,0,4
1595,WIHNENQGF,0,9
1596,VHR,0,3
1597,RLS,0,3
1598,KDVNA,0,5
1599,GDL,0,3
1600,ALA,0,3
1601,ETS,0,3
1602,RWS,0,3
1603,FNP,0,3
1604,YADTAG,0,6
1605,VPRDEAP,0,7
1606,AVNVDDPSK,0,9
1607,VTL,0,3
1608,DAHK,0,4
1609,YKQ,0,3
1610,LQAEQDDR,0,8
1611,DKHMRLLG,0,8
1612,LFD,0,3
1613,KSIGE,0,5
1614,SDI,0,3
1615,ETIL,0,4
1616,SIEDPREMADLVRDALVIIVS,0,21
1617,QPKRKKIESQGVH,0,13
1618,YVE,0,3
1619,HTVLK,0,5
1620,RLV,0,3
1621,LEI,0,3
1622,KRAGAA,0,6
1623,EGD,0,3
1624,MDYDH,0,5
1625,KVA,0,3
1626,GFFQ,0,4
1627,LLAGKPSYLPAL,0,12
1628,ALE,0,3
1629,EIE,0,3
1630,YGDQR,0,5
1631,DDE,0,3
1632,GFVG,0,4
1633,SIV,0,3
1634,ARHDRPR,0,7
1635,FDGA,0,4
1636,EHNY,0,4
1637,YDLEMI,0,6
1638,LEWVFSLIIDR,0,11
1639,DYHPGTE,0,7
1640,MPVHTDAD,0,8
1641,VQI,0,3
1642,IMNKRAV,0,7
1643,RLKKE,0,5
1644,PLCSDS,0,6
1645,TKTGAFN,0,7
1646,CMF,0,3
1647,KH,0,2
1648,YKK,0,3
1649,KCL,0,3
1650,VSA,0,3
1651,DSD,0,3
1652,IKTTLGRDG,0,9
1653,VGIER,0,5
1654,FR,0,2
1655,GGIMEQDTIS,0,10
1656,PKLGT,0,5
1657,PEVVK,0,5
1658,IPVDSRPLTTL,0,11
1659,LWL,0,3
1660,DQEGN,0,5
1661,GKA,0,3
1662,RFLK,0,4
1663,LDA,0,3
1664,VLVES,0,5
1665,KMGNPNVTDVSYEVYGP,0,17
1666,ALP,0,3
1667,NPT,0,3
1668,AIA,0,3
1669,KLSDAKTDQL,0,10
1670,FFD,0,3
1671,LFRECG,0,6
1672,VALGVPHH,0,8
1673,PTFFVV,0,6
1674,SDQEGPVPERKG,0,12
1675,FLFRLDTR,0,8
1676,DLEWTQ,0,6
1677,PLAPQA,0,6
1678,TVFALRRG,0,8
1679,GDFQADGLRVKASVFR,0,16
1680,ALKFA,0,5
1681,QSL,0,3
1682,KP,0,2
1683,LLF,0,3
1684,YNLDNFLA,0,8
1685,RLL,0,3
1686,GIAPSG,0,6
1687,GLD,0,3
1688,PEPGFVDPPRSMEVLRK,0,17
1689,SRYN,0,4
1690,NEEM,0,4
1691,VRK,0,3
1692,EPTTGGLDIRG,0,11
1693,DTPRF,0,5
1694,MEN,0,3
1695,SAP,0,3
1696,DSWLNLG,0,7
1697,PRR,0,3
1698,LRQSLLRTMP,0,10
1699,LYI,0,3
1700,KGV,0,3
1701,AGPC,0,4
1702,EEVNSPNIEGEPILILAAKGELLFC,0,25
1703,VRVQD,0,5
1704,RNKA,0,4
1705,LFRHGTYRRTFLPGGEEETED,0,21
1706,DIQ,0,3
1707,LIRVTNTKLLINVGSSEKEDLPRIED,0,26
1708,ENS,0,3
1709,EPFAILM,0,7
1710,LPDEVSG,0,7
1711,KAFT,0,4
1712,DDD,0,3
1713,GRSW,0,4
1714,QTM,0,3
1715,DLE,0,3
1716,YDKGQ,0,5
1717,LAL,0,3
1718,RTP,0,3
1719,QGMLELYLNNSG,0,12
1720,PTP,0,3
1721,SPEAPQKECFY,0,11
1722,MA,0,2
1723,LAGKPQQEHSGEHQ,0,14
1724,NIAQ,0,4
1725,FFRSKLLSDGAAAKGALLPQYW,0,22
1726,HDT,0,3
1727,VRDQGIMERTGAD,0,13
1728,DRE,0,3
1729,YWRLTTKKP,0,9
1730,AQK,0,3
1731,VNFF,0,4
1732,YKTAELIPNR,0,10
1733,SELMVSEPI,0,9
1734,EMLIRIL,0,7
1735,SLT,0,3
1736,MKG,0,3
1737,FPAHST,0,6
1738,DLD,0,3
1739,RKTELYRFGVLAVGASS,0,17
1740,LLA,0,3
1741,TMK,0,3
1742,NNEYKT,0,6
1743,KPLSYEH,0,7
1744,ILILHIQLQVP,0,11
1745,NTS,0,3
1746,VGS,0,3
1747,FLVNDCI,0,7
1748,KAAGPTE,0,7
1749,AEK,0,3
1750,DHHQ,0,4
1751,SDDE,0,4
1752,FMGHIASRT,0,9
1753,FDGSGYRFCAPDKYAVQQYKE,0,21
1754,LG,0,2
1755,LAGLD,0,5
1756,IIA,0,3
1757,PEV,0,3
1758,FCM,0,3
1759,GFSSMG,0,6
1760,VDSNI,0,5
1761,LPWRPATNVF,0,10
1762,LLFS,0,4
1763,KHNHRD,0,6
1764,IK,0,2
1765,LCDILY,0,6
1766,KPADLMSPVI,0,10
1767,YNQAEMGTG,0,9
1768,QKV,0,3
1769,YDT,0,3
1770,TF,0,2
1771,IRLCGGNKSL,0,10
1772,IDA,0,3
1773,LAM,0,3
1774,RADPNFT,0,7
1775,SFN,0,3
1776,PLAQPA,0,6
1777,CT,0,2
1778,DAL,0,3
1779,EIL,0,3
1780,PGLPKK,0,6
1781,LK,0,2
1782,HLPLP,0,5
1783,LKP,0,3
1784,FAINVWGRAT,0,10
1785,SDNRNQGY,0,8
1786,TGQSSN,0,6
1787,GHTV,0,4
1788,IPA,0,3
1789,VVQ,0,3
1790,WQDEKVNPAFAA,0,12
1791,AAV,0,3
1792,YVEGM,0,5
1793,AQSD,0,4
1794,NEAGNIPTIGWQNL,0,14
1795,YTIMGQFSPLAKML,0,14
1796,ELK,0,3
1797,VPPLYPN,0,7
1798,KQS,0,3
1799,VPVQA,0,5
1800,LIV,0,3
1801,HVIKPPSRA,0,9
1802,KRKQ,0,4
1803,TTLVGS,0,6
1804,LVR,0,3
1805,LIRIRIGT,0,8
1806,ALK,0,3
1807,GDHYK,0,5
1808,ESIINF,0,6
1809,IVT,0,3
1810,KIRVGKVFQILHSF,0,14
1811,PRNRY,0,5
1812,DRQKT,0,5
1813,RYASKVQLLLYDNVRVSTPANIQAWVMDQT,0,30
1814,HILGILSVLRDVNLLW,0,16
1815,ACMVNKDG,0,8
1816,SCH,0,3
1817,GQGLTLAVAIAAYFKMKIFGTL,0,22
1818,KLLVVYQNV,0,9
1819,GFCLF,0,5
1820,EELNEFKTYKIKVIK,0,15
1821,SSQFELRFVN,0,10
1822,LSKAQSDFG,0,9
1823,IAQ,0,3
1824,ATN,0,3
1825,NALIAR,0,6
1826,YTEYFVGV,0,8
1827,ISSRVDVRTA,0,10
1828,HIR,0,3
1829,VPGLS,0,5
1830,EQS,0,3
1831,VEKNNSF,0,7
1832,GVFCKAY,0,7
1833,NFD,0,3
1834,TQT,0,3
1835,ENLYKLMREQKF,0,12
1836,PWM,0,3
1837,ER,0,2
1838,KRLANHKK,0,8
1839,SHSKAWVFAA,0,10
1840,LSF,0,3
1841,LTVNVNILGKAK,0,12
1842,YPSPV,0,5
1843,KLLQQ,0,5
1844,VDV,0,3
1845,YTQL,0,4
1846,RMSPSG,0,6
1847,EKGA,0,4
1848,KMHFPQPQHL,0,10
1849,NGIL,0,4
1850,GIAEETELDLISKA,0,14
1851,TQSDLWFS,0,8
1852,AARIRLS,0,7
1853,EYSIV,0,5
1854,IWRAREA,0,7
1855,LDQ,0,3
1856,GFAEVLYEPVILIHIWLSVNVN,0,22
1857,VLLPDEVSGL,0,10
1858,YAASKYREQ,0,9
1859,RWD,0,3
1860,DRKPAI,0,6
1861,EGPAS,0,5
1862,ERR,0,3
1863,AGSKSTCRATAIPEPGSVEYLRE,0,23
1864,RDA,0,3
1865,EVF,0,3
1866,LAFK,0,4
1867,LVEKGDVAFI,0,10
1868,QCIRITRLII,0,10
1869,DHHQVYSPGEQ,0,11
1870,ENG,0,3
1871,SQGL,0,4
1872,PRLRR,0,5
1873,AGLVVHLVGIKEALN,0,15
1874,HEEQS,0,5
1875,RVSDRGP,0,7
1876,RG,0,2
1877,RWF,0,3
1878,VAG,0,3
1879,YDPAKV,0,6
1880,WNN,0,3
1881,IRVRLEPFWLR,0,11
1882,SRIRIFHW,0,8
1883,LLIQ,0,4
1884,QPSSVDSQTAM,0,11
1885,RLSS,0,4
1886,VQVTSTAV,0,8
1887,DIS,0,3
1888,LNT,0,3
1889,DLIN,0,4
1890,EVPKA,0,5
1891,VNSEEKIYLG,0,10
1892,MVKAA,0,5
1893,KVL,0,3
1894,RWV,0,3
1895,NKVGCP,0,6
1896,AQA,0,3
1897,ESE,0,3
1898,ALDSDQYY,0,8
1899,PEAKIQL,0,7
1900,EHVNNDI,0,7
1901,PEQ,0,3
1902,LNGP,0,4
1903,AMSRDIQLEDI,0,11
1904,AFGSK,0,5
1905,LLQ,0,3
1906,LF,0,2
1907,NKV,0,3
1908,EAL,0,3
1909,AILY,0,4
1910,QAN,0,3
1911,SQIG,0,4
1912,RWK,0,3
1913,AWFS,0,4
1914,CIE,0,3
1915,EEL,0,3
1916,ALI,0,3
1917,VLV,0,3
1918,KWQ,0,3
1919,DIP,0,3
1920,LQG,0,3
1921,EKF,0,3
1922,ADY,0,3
1923,PCAAL,0,5
1924,LTTESK,0,6
1925,VVHNPPILF,0,9
1926,EIPT,0,4
1927,YPFAKGQLSQ,0,10
1928,KEGVPGINA,0,9
1929,SGRDRLCK,0,8
1930,VDD,0,3
1931,ALN,0,3
1932,SP,0,2
1933,PLR,0,3
1934,RPE,0,3
1935,LFAKQLPEIN,0,10
1936,RSVNYGLQD,0,9
1937,YPKLAPNE,0,8
1938,NVATNPPC,0,8
1939,TPE,0,3
1940,SLA,0,3
1941,SDIGV,0,5
1942,KIRDGVHAMTY,0,11
1943,LLYCYRAELLEKASQNA,0,17
1944,MLEDVEEP,0,8
1945,AVF,0,3
1946,KDLVLI,0,6
1947,VFK,0,3
1948,LPGHS,0,5
1949,FSDKIAK,0,7
1950,QEV,0,3
1951,ASLLPPY,0,7
1952,PGHQKPPEG,0,9
1953,NLGESFRARE,0,10
1954,VTQ,0,3
1955,QAWVMDQTFVVPKDDWVIG,0,19
1956,EPP,0,3
1957,AGT,0,3
1958,IHEP,0,4
1959,EPE,0,3
1960,DMDAANTAGEKNPNTQ,0,16
1961,KVPDKMK,0,7
1962,ELI,0,3
1963,NILAQANYTNG,0,11
1964,LVL,0,3
1965,EKT,0,3
1966,MR,0,2
1967,KIPL,0,4
1968,DALE,0,4
1969,YCGAS,0,5
1970,NVS,0,3
1971,ERERAGKKKDITLA,0,14
1972,RPVVVRKEA,0,9
1973,YLVC,0,4
1974,HVTTS,0,5
1975,KCVINGPFWKDHF,0,13
1976,MRRHEITFKN,0,10
1977,HMENGKN,0,7
1978,ISIYC,0,5
1979,AHGMFNPHMWKCCM,0,14
1980,HCG,0,3
1981,GIDHDWFW,0,8
1982,WRKSCRNYLIYVMRC,0,15
1983,FWA,0,3
1984,CFECD,0,5
1985,TTKSYRFWAFKEST,0,14
1986,MKLNKVFWSA,0,10
1987,NFEVYDMDITT,0,11
1988,NNG,0,3
1989,NVHRRTVFKVMTRGHLVM,0,18
1990,KTKWC,0,5
1991,THSCK,0,5
1992,HFWKN,0,5
1993,DMLH,0,4
1994,DTKWW,0,5
1995,QCW,0,3
1996,HICFGKERLEP,0,11
1997,ECKDP,0,5
1998,CFYMIIP,0,7
1999,NIE,0,3
2000,SKQS,0,4
2001,HLRNMI,0,6
2002,TI,0,2
2003,DMY,0,3
2004,CCS,0,3
2005,CQA,0,3
2006,MKQ,0,3
2007,MHVMDYPR,0,8
2008,HSSVKEMD,0,8
2009,YEWWCTDAIAAQ,0,12
2010,INTDAHHMADIKE,0,13
2011,CADFAYDNWI,0,10
2012,MMD,0,3
2013,DWTD,0,4
2014,CCG,0,3
2015,CDRVE,0,5
2016,ICDWFHKHNFL,0,11
2017,MWWVRLH,0,7
2018,MSM,0,3
2019,RVYC,0,4
2020,EKS,0,3
2021,LNKNWFVSCPR,0,11
2022,EMDNEKQ,0,7
2023,CRI,0,3
2024,TVI,0,3
2025,KERG,0,4
2026,DTHFIKA,0,7
2027,YMRV,0,4
2028,CRLT,0,4
2029,CVEPCH,0,6
2030,MAE,0,3
2031,MSMMV,0,5
2032,HWQ,0,3
2033,KNIDFNSDCLDGE,0,13
2034,MNFCRLFQAG,0,10
2035,EW,0,2
2036,YQNNKTIHGIS,0,11
2037,RQYWDIQGSFLMGW,0,14
2038,FDKSWWIC,0,8
2039,QNHAFHKHVRT,0,11
2040,FIV,0,3
2041,NQS,0,3
2042,QCV,0,3
2043,MLK,0,3
2044,MLN,0,3
2045,QTT,0,3
2046,TFNDINRK,0,8
2047,MC,0,2
2048,CWSWFQAR,0,8
2049,CCYLAFDYQTVGM,0,13
2050,MDQPIMPS,0,8
2051,DMYC,0,4
2052,PYVRVTYIDCMVLR,0,14
2053,CIKTQ,0,5
2054,CSCSRLRL,0,8
2055,MFV,0,3
2056,YHDFAWVQCIF,0,11
2057,CEH,0,3
2058,KQDNQ,0,5
2059,SCR,0,3
2060,GKHFCEARQMQQ,0,12
2061,TKTVCSMKCGE,0,11
2062,SWF,0,3
2063,TCD,0,3
2064,MAY,0,3
2065,HACREGDDSH,0,10
2066,IFI,0,3
2067,NWM,0,3
2068,RQWWEET,0,7
2069,QCNCVVNTHSMAL,0,13
2070,CPCW,0,4
2071,IVGTFCVMLRATGP,0,14
2072,FVTGCYNEMA,0,10
2073,MMDNKYIWVTAMF,0,13
2074,HCECSYWATC,0,10
2075,CEV,0,3
2076,MHEWSL,0,6
2077,KRCMYFFGT,0,9
2078,CYH,0,3
2079,VQWKACYE,0,8
2080,QS,0,2
2081,KGM,0,3
2082,RNI,0,3
2083,ESRCLFGFCKHHLNI,0,15
2084,IKDF,0,4
2085,IMSLAFCE,0,8
2086,CRP,0,3
2087,QWK,0,3
2088,QRNCCF,0,6
2089,IWHENT,0,6
2090,KMF,0,3
2091,QMHYQ,0,5
2092,GTHIWQKKFTNY,0,12
2093,CLRKN,0,5
2094,MYS,0,3
2095,DT,0,2
2096,RTVTM,0,5
2097,IMM,0,3
2098,RQVMDEPMTNMS,0,12
2099,EMYWFEDEPKNDD,0,13
2100,DGM,0,3
2101,WWCCTNYYYKQVQ,0,13
2102,NWL,0,3
2103,QVWDMCVPAPM,0,11
2104,QIS,0,3
2105,QGNIQKFGTFMRRD,0,14
2106,LQRMCNLEFFHNQWDR,0,16
2107,HEQRSNSFHF,0,10
2108,DML,0,3
2109,KYM,0,3
2110,DNTKFWDMVHITT,0,13
2111,HCC,0,3
2112,WRV,0,3
2113,YSMDW,0,5
2114,RRQ,0,3
2115,CCPAC,0,5
2116,TTW,0,3
2117,MECYASNDH,0,9
2118,NFE,0,3
2119,NYEDTDNRMVI,0,11
2120,WVN,0,3
2121,TYM,0,3
2122,DIWDCVLWTPIRP,0,13
2123,NSKF,0,4
2124,FFSYIMV,0,7
2125,YCNAKKQ,0,7
2126,ERYCEIH,0,7
2127,MLTLNRWGHN,0,10
2128,TDHVNC,0,6
2129,WQDHATLAH,0,9
2130,MIL,0,3
2131,RQCHP,0,5
2132,HHMCVM,0,6
2133,HHVHQWQ,0,7
2134,VKTCTVWSCGVWH,0,13
2135,FSCQM,0,5
2136,RMW,0,3
2137,RVNKM,0,5
2138,SEM,0,3
2139,MWNLQL,0,6
2140,YQSGCKECKQ,0,10
2141,TRN,0,3
2142,CL,0,2
2143,THEISMCAVVWW,0,12
2144,MSK,0,3
2145,MTE,0,3
2146,FCTNKSV,0,7
2147,FWVI,0,4
2148,RRKEE,0,5
2149,ISMECYN,0,7
2150,NECAFDTKE,0,9
2151,NFKIHR,0,6
2152,IWC,0,3
2153,CWNQLNVF,0,8
2154,WCIRHAEC,0,8
2155,HHNMGWMLYDRNMR,0,14
2156,WKC,0,3
2157,QFN,0,3
2158,FDMSMQQLDI,0,10
2159,QHCWGQMKPCGV,0,12
2160,RCTFGCRINTILVETH,0,16
2161,MTYS,0,4
2162,MPN,0,3
2163,IQMA,0,4
2164,IQM,0,3
2165,NIIW,0,4
2166,CPW,0,3
2167,HMRLMIMF,0,8
2168,CWMN,0,4
2169,TNIEGRNA,0,8
2170,FIQ,0,3
2171,IW,0,2
2172,CMPFEH,0,6
2173,MEMSNYEHTPY,0,11
2174,MNIICYWTEHDQISS,0,15
2175,WDMQWIINAYK,0,11
2176,MWQN,0,4
2177,IQCIML,0,6
2178,QFKMHYSEQKLCRW,0,14
2179,DNCHHKKTWSN,0,11
2180,NVC,0,3
2181,SHI,0,3
2182,DNC,0,3
2183,TSC,0,3
2184,SDMEA,0,5
2185,SSNYCT,0,6
2186,FITLTWRWVF,0,10
2187,VCRNYAFCPYTYHHEDC,0,17
2188,DVMGEWVPTDMA,0,12
2189,WMAYFL,0,6
2190,MES,0,3
2191,YMT,0,3
2192,TTMTWC,0,6
2193,VMIQALEPVC,0,10
2194,EREQWNPNM,0,9
2195,QQM,0,3
2196,WTMN,0,4
2197,ESHDIKIM,0,8
2198,HEVTDFC,0,7
2199,KFIIIQVQMDGN,0,12
2200,WVYIE,0,5
2201,VRRFYCTLHQVF,0,12
2202,YFEWFTSAIQCLM,0,13
2203,KCV,0,3
2204,YFHHC,0,5
2205,TCP,0,3
2206,FRYYFKRVQWMLC,0,13
2207,CHIRH,0,5
2208,VRQMMMNQGCIFR,0,13
2209,MCIFR,0,5
2210,DRS,0,3
2211,GTMSAQH,0,7
2212,RCFVTFKLWRYEF,0,13
2213,IWN,0,3
2214,DTNQCIFH,0,8
2215,FMCWPWF,0,7
2216,KQM,0,3
2217,CLR,0,3
2218,KNV,0,3
2219,WSEMP,0,5
2220,MCCRHLPETIARMW,0,14
2221,RRWQVHESIKWF,0,12
2222,GDYMMRQKWMY,0,11
2223,FW,0,2
2224,DTSN,0,4
2225,GQSMNI,0,6
2226,MVP,0,3
2227,NFDG,0,4
2228,FLFWCI,0,6
2229,CYT,0,3
2230,KMY,0,3
2231,MDLVRWNGNEGRDCKG,0,16
2232,CTK,0,3
2233,IRWM,0,4
2234,NMELLD,0,6
2235,HEMTV,0,5
2236,VNCK,0,4
2237,EDW,0,3
2238,TTHCGFRA,0,8
2239,MQDMWWKWHYTERF,0,14
2240,DFVDN,0,5
2241,DQMD,0,4
2242,KCR,0,3
2243,RDFKI,0,5
2244,CN,0,2
2245,KRS,0,3
2246,HVQN,0,4
2247,MEHFA,0,5
2248,KRQ,0,3
2249,NDSSECH,0,7
2250,NNN,0,3
2251,MQKQTE,0,6
2252,MQEIVW,0,6
2253,TVRPDMNE,0,8
2254,MLQ,0,3
2255,IKMP,0,4
2256,MM,0,2
2257,NWT,0,3
2258,RMQAYVP,0,7
2259,KRG,0,3
2260,SMESMYWAGK,0,10
2261,KQW,0,3
2262,WWDH,0,4
2263,MYFYL,0,5
2264,CYA,0,3
2265,HTW,0,3
2266,VAIKCM,0,6
2267,CDIQL,0,5
2268,MFW,0,3
2269,KMN,0,3
2270,NNI,0,3
2271,HSTRKDYKC,0,9
2272,IWCKI,0,5
2273,FWG,0,3
2274,IEFM,0,4
2275,SCK,0,3
2276,DHKMIQNF,0,8
2277,QNM,0,3
2278,RRCRDY,0,6
2279,WTIKVVI,0,7
2280,FDQCV,0,5
2281,RTKCFKDHQRRDCV,0,14
2282,HCEMY,0,5
2283,CML,0,3
2284,TCH,0,3
2285,MPMKRS,0,6
2286,WWTIE,0,5
2287,WYI,0,3
2288,WVHF,0,4
2289,NKQ,0,3
2290,ISQMRLCYI,0,9
2291,NHI,0,3
2292,CLMMA,0,5
2293,RHDCTFNQMRWFCL,0,14
2294,KCNCEQHM,0,8
2295,ECGTT,0,5
2296,HNWHPM,0,6
2297,IGCGINFCSHFGIV,0,14
2298,WG,0,2
2299,KSIQTKS,0,7
2300,MKSAHNKEWED,0,11
2301,MIDHNHWIQVKN,0,12
2302,WIQQG,0,5
2303,FCRNHDS,0,7
2304,CGTKT,0,5
2305,MMK,0,3
2306,WWG,0,3
2307,HNQI,0,4
2308,MCQVAPCWCIAGD,0,13
2309,TPSMMSYHWA,0,10
2310,DKAFQMSQM,0,9
2311,MKNWYK,0,6
2312,SMWRESV,0,7
2313,CTHERKE,0,7
2314,QTFM,0,4
2315,MCQQGTY,0,7
2316,YIVQNPFHMCYHMW,0,14
2317,CYIHIFM,0,7
2318,CRQ,0,3
2319,IME,0,3
2320,CLHWMHPSWLLFNC,0,14
2321,WYGCLVI,0,7
2322,NTHNRMSRCFED,0,12
2323,CA,0,2
2324,TMFLLHFT,0,8
2325,CMN,0,3
2326,NTINRVTKEHPGWTAV,0,16
2327,SGTCMIGVGNHYERF,0,15
2328,RDT,0,3
2329,NIQ,0,3
2330,QWEF,0,4
2331,CDS,0,3
2332,NAC,0,3
2333,YTCMAC,0,6
2334,EFM,0,3
2335,TWD,0,3
2336,YHC,0,3
2337,CRTWDCIIWIL,0,11
2338,QSMWW,0,5
2339,HTC,0,3
2340,DTS,0,3
2341,DDEMKWTRPEFSQGS,0,15
2342,CFG,0,3
2343,GCM,0,3
2344,TARMNGKNFT,0,10
2345,WDH,0,3
2346,WNVEF,0,5
2347,KNF,0,3
2348,TWF,0,3
2349,MQD,0,3
2350,NH,0,2
2351,RDCKA,0,5
2352,CQV,0,3
2353,CQ,0,2
2354,RMC,0,3
2355,NHT,0,3
2356,KCH,0,3
2357,IRN,0,3
2358,VCS,0,3
2359,NVT,0,3
2360,EEC,0,3
2361,MCK,0,3
2362,RNGWC,0,5
2363,WQS,0,3
2364,HHCISP,0,6
2365,IQV,0,3
2366,MTHPFK,0,6
2367,CRS,0,3
2368,SYIRTFV,0,7
2369,WFGTW,0,5
2370,CTGNMNEGKFEM,0,12
2371,NRC,0,3
2372,SSC,0,3
2373,TTVFSWT,0,7
2374,KRMGI,0,5
2375,GNC,0,3
2376,KSCQ,0,4
2377,VTWVH,0,5
2378,MGS,0,3
2379,THW,0,3
2380,QRDQF,0,5
2381,HQC,0,3
2382,TDN,0,3
2383,MFVQFVRDD,0,9
2384,WQ,0,2
2385,MIKAHG,0,6
2386,CVRW,0,4
2387,WTIIKEM,0,7
2388,YYAVTNHECNI,0,11
2389,CCH,0,3
2390,GWMNADI,0,7
2391,KDSD,0,4
2392,RQ,0,2
2393,MVV,0,3
2394,CAETSTQ,0,7
2395,IHMGKIQEAEHII,0,13
2396,RMHELFTSDYRHHVKDW,0,17
2397,DNMTF,0,5
2398,RTPNRMLQMKYYGTYIADTK,0,20
2399,WFKKVP,0,6
2400,IVMSRKYKSHYMFYHV,0,16
2401,IKSYCKM,0,7
2402,WWQRCGKLWFSLP,0,13
2403,NHWMQ,0,5
2404,CRNHTMICARKM,0,12
2405,NFMW,0,4
2406,WEC,0,3
2407,SDMRYWW,0,7
2408,MCDEPS,0,6
2409,RYCVF,0,5
2410,WCK,0,3
2411,HGC,0,3
2412,MAFHLGIERYQS,0,12
2413,ICP,0,3
2414,IHNCNTQD,0,8
2415,NEM,0,3
2416,SIC,0,3
2417,TRG,0,3
2418,MHASD,0,5
2419,YWMYK,0,5
2420,NMR,0,3
2421,DIRFKHRNQ,0,9
2422,HCWTANA,0,7
2423,SMAMKPQFECT,0,11
2424,CSRWF,0,5
2425,HDM,0,3
2426,MAR,0,3
2427,WSIQDN,0,6
2428,ADNWWMCTANK,0,11
2429,KMM,0,3
2430,DSSH,0,4
2431,WRMHN,0,5
2432,CTD,0,3
2433,DNW,0,3
2434,DHKKFDSNILISMMNVT,0,17
2435,ERC,0,3
2436,WHM,0,3
2437,RQTQRFV,0,7
2438,VCEWVVWMCGMDVFN,0,15
2439,FCMQCTHDWS,0,10
2440,CVC,0,3
2441,CQH,0,3
2442,ICE,0,3
2443,MVYTKRPFM,0,9
2444,HCH,0,3
2445,MQT,0,3
2446,SYDM,0,4
2447,TQN,0,3
2448,QCASEMYDA,0,9
2449,REW,0,3
2450,YIMS,0,4
2451,WITHVYCRYLLLCV,0,14
2452,VM,0,2
2453,TEETCACHS,0,9
2454,YMVK,0,4
2455,IIIHFEQRCA,0,10
2456,WQLMTNVTRHCSV,0,13
2457,ECKKKNQ,0,7
2458,VWEHKVM,0,7
2459,NML,0,3
2460,FI,0,2
2461,ECAF,0,4
2462,RDQ,0,3
2463,FIKVMGTCNF,0,10
2464,DMDHLYCGAY,0,10
2465,KEFCFN,0,6
2466,SACWCRWV,0,8
2467,QRHWWYSWDQYEKQ,0,14
2468,WQQ,0,3
2469,KCGTCRHC,0,8
2470,MVD,0,3
2471,TWA,0,3
2472,CDE,0,3
2473,CRQN,0,4
2474,FNM,0,3
2475,WIS,0,3
2476,QIRNW,0,5
2477,WCTDY,0,5
2478,YCISCNCTMQFI,0,12
2479,MSN,0,3
2480,AMCDDP,0,6
2481,MLWDIMFAHAFAAF,0,14
2482,CQD,0,3
2483,YTHMQP,0,6
2484,QIEECHMITFCVWIYKP,0,17
2485,AMFQWDIMEHI,0,11
2486,CF,0,2
2487,WQRADANN,0,8
2488,CLN,0,3
2489,FKRS,0,4
2490,YCCDP,0,5
2491,RKLNCM,0,6
2492,DQM,0,3
2493,DMN,0,3
2494,ATC,0,3
2495,RQN,0,3
2496,WVV,0,3
2497,QVFDGDCKQ,0,9
2498,MPWS,0,4
2499,TEKCCSQE,0,8
2500,EINDENSWWA,0,10
2501,KRT,0,3
2502,NSC,0,3
2503,RNFEWWLSQMPY,0,12
2504,NCV,0,3
2505,IVWMQGW,0,7
2506,SWHCIWEVRSK,0,11
2507,WWWQISDL,0,8
2508,IQC,0,3
2509,VIHCN,0,5
2510,RMS,0,3
2511,QKQV,0,4
2512,WKIHI,0,5
2513,NQW,0,3
2514,MKAYYK,0,6
2515,NFPTGMDTMQEKNA,0,14
2516,SNKC,0,4
2517,DEYHDPHDKEGWRFCMPV,0,18
2518,AMTRNYPW,0,8
2519,SWNRW,0,5
2520,WCEV,0,4
2521,KC,0,2
2522,RSWKEMYCHHHL,0,12
2523,CHRWGIQR,0,8
2524,MRW,0,3
2525,RDC,0,3
2526,NIWKCTMDL,0,9
2527,TNKEKH,0,6
2528,KSD,0,3
2529,ESNRMCWSRE,0,10
2530,FYHNMGPCIRHMS,0,13
2531,WRRQN,0,5
2532,MF,0,2
2533,CW,0,2
2534,YLERMW,0,6
2535,MQYRSKVRHYM,0,11
2536,MSQ,0,3
2537,SCNMFTDEHQ,0,10
2538,VNVKTHRQA,0,9
2539,KAMEGKMAMK,0,10
2540,RTRNWMMDP,0,9
2541,FQMQCTSQGP,0,10
2542,NINQ,0,4
2543,IEHYVHQEVC,0,10
2544,RMQMIA,0,6
2545,NFR,0,3
2546,FMW,0,3
2547,TWQ,0,3
2548,CDDRQ,0,5
2549,TAFCEDAW,0,8
2550,DWR,0,3
2551,IQEM,0,4
2552,HTV,0,3
2553,TAC,0,3
2554,VQNMYGW,0,7
2555,KMISL,0,5
2556,WIT,0,3
2557,CTQR,0,4
2558,NSH,0,3
2559,MICPNGH,0,7
2560,CRQMV,0,5
2561,FCH,0,3
2562,HKC,0,3
2563,TDWYCHQG,0,8
2564,TM,0,2
2565,RRS,0,3
2566,WIKAN,0,5
2567,CEA,0,3
2568,ICFKP,0,5
2569,MTCRL,0,5
2570,TMH,0,3
2571,RTH,0,3
2572,CFTVP,0,5
2573,MMSC,0,4
2574,NDVCIN,0,6
2575,VISCQFVK,0,8
2576,QTFQ,0,4
2577,CKA,0,3
2578,WM,0,2
2579,ICADSF,0,6
2580,DWV,0,3
2581,IMK,0,3
2582,ECVPMW,0,6
2583,WRIEHE,0,6
2584,FWN,0,3
2585,CVCTECAMFRWSFCFR,0,16
2586,HWDSSNPMPKRIFNG,0,15
2587,ARMVVC,0,6
2588,NDWIMCMCAAQY,0,12
2589,TKG,0,3
2590,WRSI,0,4
2591,ERNID,0,5
2592,KTDFGQEDTHKW,0,12
2593,KLRMHWRQVP,0,10
2594,MGD,0,3
2595,EIMNR,0,5
2596,HVQQ,0,4
2597,KCS,0,3
2598,MKPPQTSNCMLETLW,0,15
2599,WHV,0,3
2600,REYSRYLFHWFVRKQI,0,16
2601,FKMFKYQRRVQ,0,11
2602,MTYREVKLHIPMI,0,13
2603,RCA,0,3
2604,NI,0,2
2605,HRRIHC,0,6
2606,SCRDKVEFQW,0,10
2607,CTVAGH,0,6
2608,YLIIGCKDDSSFWACTFW,0,18
2609,EVREHIDNT,0,9
2610,WWTRC,0,5
2611,IRM,0,3
2612,MINHDIR,0,7
2613,CWCNPQ,0,6
2614,ICWFVNETDCT,0,11
2615,MLF,0,3
2616,SW,0,2
2617,YCQV,0,4
2618,RNSF,0,4
2619,VDCSMKACFVRCA,0,13
2620,VSCWMQ,0,6
2621,WLNMID,0,6
2622,RMDFFF,0,6
2623,MQV,0,3
2624,WSG,0,3
2625,QRS,0,3
2626,WDC,0,3
2627,TIC,0,3
2628,VMGI,0,4
2629,WMAIKKAGNHNKVM,0,14
2630,DMRGNYPKDME,0,11
2631,FCIRPFGW,0,8
2632,QNQ,0,3
2633,NDTAYCE,0,7
2634,FECPFCRS,0,8
2635,WFH,0,3
2636,MVF,0,3
2637,CSRYWLN,0,7
2638,TWNRYWLDFFIEWT,0,14
2639,WIL,0,3
2640,SMSWERAM,0,8
2641,RHMM,0,4
2642,DFVQFCKMPYD,0,11
2643,CC,0,2
2644,DMD,0,3
2645,KGMAV,0,5
2646,MD,0,2
2647,MEYS,0,4
2648,FGCFF,0,5
2649,MMVKS,0,5
2650,CTAE,0,4
2651,QFMMMS,0,6
2652,WS,0,2
2653,QDH,0,3
2654,MRWS,0,4
2655,VTM,0,3
2656,DQCFMEHDTMQCIMH,0,15
2657,IN,0,2
2658,NNIWVNRV,0,8
2659,YMNH,0,4
2660,VRSMREWVK,0,9
2661,WI,0,2
2662,CFWGCAVFN,0,9
2663,RMYQPMHGSG,0,10
2664,WIN,0,3
2665,MYEW,0,4
2666,TIS,0,3
2667,REMGV,0,5
2668,FTC,0,3
2669,QTN,0,3
2670,MMHCNQNVF,0,9
2671,MQE,0,3
2672,WWF,0,3
2673,QYECG,0,5
2674,FTM,0,3
2675,KNWY,0,4
2676,TYC,0,3
2677,WIMKRFKI,0,8
2678,TQWNMWRLK,0,9
2679,SMGQ,0,4
2680,TFQVRFP,0,7
2681,SDCSWEC,0,7
2682,VHC,0,3
2683,WQNM,0,4
2684,FADMW,0,5
2685,NARKSW,0,6
2686,TKGCQY,0,6
2687,MRADPS,0,6
2688,GWM,0,3
2689,TC,0,2
2690,WKN,0,3
2691,FWQ,0,3
2692,WWHTREMW,0,8
2693,HFI,0,3
2694,WNAWA,0,5
2695,CLIEDFWT,0,8
2696,MIHENMW,0,7
2697,CNGSSG,0,6
2698,QKS,0,3
2699,GHSWDWEKSWP,0,11
2700,KRC,0,3
2701,CSE,0,3
2702,RTCQNFF,0,7
2703,DMV,0,3
2704,QDF,0,3
2705,MS,0,2
2706,HVV,0,3
2707,SHIS,0,4
2708,KWVWW,0,5
2709,MEKIN,0,5
2710,CCI,0,3
2711,PERMCV,0,6
2712,NNFKAY,0,6
2713,FYMTYERP,0,8
2714,CCSPRKVE,0,8
2715,EMI,0,3
2716,EWNWQVCWSN,0,10
2717,RT,0,2
2718,MRYL,0,4
2719,HWLQH,0,5
2720,FIKTNQ,0,6
2721,IMI,0,3
2722,MY,0,2
2723,WRDCDL,0,6
2724,QDI,0,3
2725,VCV,0,3
2726,ANCWH,0,5
2727,YSRCGSH,0,7
2728,VKS,0,3
2729,CAD,0,3
2730,KKGCEH,0,6
2731,WTQTWLYYHCM,0,11
2732,ICRM,0,4
2733,RNKEF,0,5
2734,EMCCTVVF,0,8
2735,FVC,0,3
2736,QVC,0,3
2737,CHQHED,0,6
2738,MSA,0,3
2739,TRD,0,3
2740,HRVVWFCQNK,0,10
2741,QDVYHMIDLMKMKCEDA,0,17
2742,KEI,0,3
2743,DCQDRQW,0,7
2744,DAMKNNVQQC,0,10
2745,CRV,0,3
2746,ISKNRFMKDHTR,0,12
2747,DWITIGFYYFASNSF,0,15
2748,MRFNAMSP,0,8
2749,QLENCWHNCFYV,0,12
2750,ECTK,0,4
2751,KYRTM,0,5
2752,MNC,0,3
2753,TMVMIE,0,6
2754,QRM,0,3
2755,SSCSWKIM,0,8
2756,QIQWMCHYLQ,0,10
2757,WFPSRQKC,0,8
2758,RNIGDKCGN,0,9
2759,MYV,0,3
2760,MRLY,0,4
2761,THV,0,3
2762,MSCS,0,4
2763,MAQCETM,0,7
2764,SSQW,0,4
2765,FWTIYS,0,6
2766,YSMD,0,4
2767,VENMN,0,5
2768,QTWLF,0,5
2769,MAWECIWWKMVL,0,12
2770,DWGTNNAD,0,8
2771,RCM,0,3
2772,RQAM,0,4
2773,RMN,0,3
2774,VDNWVCI,0,7
2775,SMY,0,3
2776,RFFITEKSRE,0,10
2777,QAC,0,3
2778,SML,0,3
2779,CGT,0,3
2780,MHTLMQCQVGHAWDIE,0,16
2781,RNT,0,3
2782,ECTL,0,4
2783,DHHCTRWPSE,0,10
2784,NRF,0,3
2785,YTM,0,3
2786,HMI,0,3
2787,KMSCNM,0,6
2788,MTN,0,3
2789,NQG,0,3
2790,RNRA,0,4
2791,QQW,0,3
2792,MRN,0,3
2793,HWT,0,3
2794,QVFNWMNLR,0,9
2795,CVE,0,3
2796,MHFPH,0,5
2797,FEDTCNHNMN,0,10
2798,CQR,0,3
2799,EWECIGGCN,0,9
2800,EMQPT,0,5
2801,ECFYVIHMEQSGMYNHDD,0,18
2802,DWTWN,0,5
2803,MWKRIGHFH,0,9
2804,QMWL,0,4
2805,CWTSD,0,5
2806,MT,0,2
2807,TKS,0,3
2808,EMRYT,0,5
2809,FMNYSI,0,6
2810,IQH,0,3
2811,KWM,0,3
2812,TMTPI,0,5
2813,VRN,0,3
2814,MRQ,0,3
2815,NDH,0,3
2816,TAM,0,3
2817,CWAL,0,4
2818,MMFFRHIWETG,0,11
2819,FNW,0,3
2820,EI,0,2
2821,NQ,0,2
2822,NM,0,2
2823,DHI,0,3
2824,MTP,0,3
2825,WWV,0,3
2826,TWT,0,3
2827,SCW,0,3
2828,CIQ,0,3
2829,DCW,0,3
2830,FRS,0,3
2831,HVQ,0,3
2832,QIH,0,3
2833,WKG,0,3
2834,WKI,0,3
2835,DNV,0,3
2836,AMM,0,3
2837,MQM,0,3
2838,IQT,0,3
2839,CDC,0,3
2840,CSG,0,3
2841,HWS,0,3
2842,VCQ,0,3
2843,QTF,0,3
2844,TGM,0,3
2845,NCN,0,3
2846,CYF,0,3
2847,THM,0,3
2848,CIK,0,3
2849,WDW,0,3
2850,MNR,0,3
2851,QIQ,0,3
2852,RTW,0,3
2853,RMI,0,3
2854,NMT,0,3
2855,TMD,0,3
2856,NWI,0,3
2857,MEA,0,3
2858,NDT,0,3
2859,MTV,0,3
2860,WWQ,0,3
2861,FIC,0,3
2862,WWI,0,3
2863,CSW,0,3
2864,THT,0,3
2865,VMA,0,3
2866,CTQ,0,3
2867,CTR,0,3
2868,CSN,0,3
2869,EWV,0,3
2870,MFH,0,3
2871,WVS,0,3
2872,MGQ,0,3
2873,GDC,0,3
2874,DCN,0,3
2875,QML,0,3
2876,KCG,0,3
2877,FMP,0,3
2878,VNW,0,3
2879,HQQI,0,4
2880,MPTI,0,4
2881,IWSM,0,4
2882,WKSH,0,4
2883,TMAQ,0,4
2884,MSHK,0,4
2885,FTRS,0,4
2886,CERR,0,4
2887,WFLN,0,4
2888,MYQI,0,4
2889,NVCR,0,4
2890,ETMV,0,4
2891,QWCF,0,4
2892,KGQM,0,4
2893,SMEL,0,4
2894,DWQK,0,4
2895,QDRC,0,4
2896,MITYL,0,5
2897,NRNQE,0,5
2898,CMALH,0,5
2899,VYMGS,0,5
2900,MILTK,0,5
2901,WSQKG,0,5
2902,MRVQY,0,5
2903,SSFKS,0,5
2904,AMMPW,0,5
2905,CCICC,0,5
2906,WVEMF,0,5
2907,DSHVW,0,5
2908,IFDCR,0,5
2909,NMLDW,0,5
2910,KYWRQR,0,6
2911,NNMMFK,0,6
2912,QQILRQ,0,6
2913,NSTHSC,0,6
2914,QCHWQY,0,6
2915,CWIEAD,0,6
2916,MTKVYY,0,6
2917,AKMKKS,0,6
2918,DNCDRR,0,6
2919,HFSWTF,0,6
2920,TQRSAH,0,6
2921,TMFAPW,0,6
2922,SNSMQR,0,6
2923,NMKPWN,0,6
2924,DMKWVK,0,6
2925,THLWFC,0,6
2926,NQVFMM,0,6
2927,CHHPCT,0,6
2928,ITNSYV,0,6
2929,CAQTCY,0,6
2930,EMKMQM,0,6
2931,VRGCCSE,0,7
2932,WPQMDDY,0,7
2933,DVNQWCC,0,7
2934,CKWVLID,0,7
2935,WYQWLKF,0,7
2936,FTNSWHM,0,7
2937,NSLCCQK,0,7
2938,QMFSKGM,0,7
2939,TIRDETT,0,7
2940,QDYCGNC,0,7
2941,NMDVLHT,0,7
2942,KNKYQKE,0,7
2943,FIKFGMMQ,0,8
2944,KNYMLKFS,0,8
2945,MNMGMFTH,0,8
2946,RVMGHNWL,0,8
2947,TQWHCETS,0,8
2948,NCTVVWTY,0,8
2949,GRIKQMTH,0,8
2950,CVWYHINS,0,8
2951,DFVIAFME,0,8
2952,GFCARDVM,0,8
2953,GCHCRRWG,0,8
2954,QWQNQDSIY,0,9
2955,QNDSMMQCF,0,9
2956,CCRCHRGLW,0,9
2957,CFIMDVWWQ,0,9
2958,KECESQRSW,0,9
2959,SSHLMSCDS,0,9
2960,FHCTNAQGF,0,9
2961,RKIMCNNVL,0,9
2962,QRGIWHETW,0,9
2963,GMRSADTYA,0,9
2964,WMGYDKEKG,0,9
2965,NRQSDRNPV,0,9
2966,WNRQRLQDK,0,9
2967,CYKTDLQMA,0,9
2968,FGMVWDGVA,0,9
2969,NFGFFECKY,0,9
2970,HECQSTVFH,0,9
2971,YREMLKTCAP,0,10
2972,CLIKPCPYNM,0,10
2973,NKGCVISKIA,0,10
2974,MFRRRDRTKE,0,10
2975,PNFQYVRDFC,0,10
2976,HQCLSEPRDH,0,10
2977,NIHHWTSWNA,0,10
2978,KSWSNWYVCP,0,10
2979,QDEKHINDEN,0,10
2980,ISHVSMYSVL,0,10
2981,TTDRHMTWFC,0,10
2982,FCIVHPFFLW,0,10
2983,EWFYQTQKCD,0,10
2984,QSWIAYTSDQT,0,11
2985,TRWDSLCNGTC,0,11
2986,VFYFEWDMYNS,0,11
2987,NKMFMDVPCQQ,0,11
2988,HANQFKNQTYN,0,11
2989,TKTRGEHQNFT,0,11
2990,IMITHCMPFNN,0,11
2991,KGNITWKCVCW,0,11
2992,ANHRMLRSRNI,0,11
2993,FEWCRIHGRLSS,0,12
2994,MRKGNLGWVWHR,0,12
2995,VDNANWYGMSLW,0,12
2996,KNACYHFCFQTM,0,12
2997,TSSTNVCNKWIQ,0,12
2998,HMWWQKCEQPAH,0,12
2999,HMHYFSVFFYVV,0,12
3000,NDMFSDRMREDAN,0,13
3001,RMMSLPTFRPMVY,0,13
3002,FDMNWYDGNWVKD,0,13
3003,RHESSTREHNRIN,0,13
3004,CWTWCMADDCVNC,0,13
3005,FFNKFWKNHRFWL,0,13
3006,NHSHACEWKEGTML,0,14
3007,CNPIKYVHITMDHE,0,14
3008,FQNQINEETAYGDT,0,14
3009,SPDDNSTTCWCVCV,0,14
3010,VTKMVLQCGNSDDD,0,14
3011,HEHISRQCRGKFCQ,0,14
3012,CCMLVCRMRQLQFW,0,14
3013,VAVMLEEVIDMHQC,0,14
3014,MSHVKPMQLHQTFGK,0,15
3015,ASMCQLGESGTYVFT,0,15
3016,QGCMFDLIDEQQVYM,0,15
3017,EYNIFVTFMRLDDIH,0,15
3018,TIMMNAKNIQCHYLQ,0,15
3019,VCWHKNGEIFPWINP,0,15
3020,QVPSNWSCLQYMITL,0,15
3021,CMRKWKMDIIGTQQDE,0,16
3022,QPNGIYHHWPHIQWRC,0,16
3023,MWECEYVMNDCVMPFH,0,16
3024,FRCQPIMWDQIQKKWM,0,16
3025,WMIPMFNYGWEQFLNN,0,16
3026,SRHKHCFKTNGGIKFL,0,16
3027,IKQQCWLNVLYLVKTW,0,16
3028,LDGNYQFECQMIDFKH,0,16
3029,FGMHRNGTPRKKSCGD,0,16
3030,ATAWETMKEVQWYYTI,0,16
3031,NGCYSRPECFVNYFGS,0,16
3032,CCHPTCAIPHWPQGWQS,0,17
3033,MAVWWEVDLDTPCGHWC,0,17
3034,ENDTFQILV,0,9
3035,NTTMYKER,0,8
3036,CGMWTGATQYDQKGRLI,0,17
3037,CEDIESKQVSGEQGGCY,0,17
3038,MGVYCESLWQIMEQWKK,0,17
3039,GKCQLRMWAQMTQTFAF,0,17
3040,LRASQWERWMWLKKNNWK,0,18
3041,KGCHCCNMMFDPIWKILL,0,18
3042,TYDARHKGCCFAAEKRVW,0,18
3043,WWADEWDCNRYAIICGGG,0,18
3044,IVDDMDFYWIINMNTVMQ,0,18
3045,RMYHGMMMWSMIVLRGLI,0,18
3046,INWHPRFMVNYDTQCEATT,0,19
3047,VVWQPHIDVEMHWKIMCAS,0,19
3048,HTEYHTLCHCGEMNCHPHW,0,19
3049,LNRSKHVCRKATHVEGNNS,0,19
3050,MTRCRDNYCNWFAQPVIDY,0,19
3051,CDYMFKHYYGQVMSFAIYI,0,19
3052,YANVFENASGQPPLMNTMEQ,0,20
3053,PQDVRLDQNNWSVWKRMCLN,0,20
3054,SEAESTYIGTMAQFHWLTRY,0,20
3055,LHNTAKDAACCVMNQWYQNF,0,20
3056,YIKDMYWMR,0,9
3057,DFDKI,0,5
3058,CKNGWSKHT,0,9
3059,IFTIR,0,5
3060,RWTQIWGSNRFY,0,12
3061,QKT,0,3
3062,TMKTFW,0,6
3063,FII,0,3
3064,WSATQHC,0,7
3065,EFW,0,3
3066,WAYMA,0,5
3067,FWF,0,3
3068,KG,0,2
3069,QNF,0,3
3070,AMNGDQSDHRDIVP,0,14
3071,DTM,0,3
3072,TMF,0,3
3073,RFTSG,0,5
3074,FSTYFHYCI,0,9
3075,DKSTF,0,5
3076,II,0,2
3077,RCK,0,3
3078,IVFWHSRS,0,8
3079,DFN,0,3
3080,AFM,0,3
3081,INAHKWNMF,0,9
3082,QITTY,0,5
3083,NFT,0,3
3084,QRRF,0,4
3085,YNI,0,3
3086,TNA,0,3
3087,IRT,0,3
3088,KIM,0,3
3089,ADHKHTMDGCFI,0,12
3090,NQD,0,3
3091,ISCSG,0,5
3092,MGMECI,0,6
3093,CGGQAMGCIYWCFD,0,14
3094,RQILV,0,5
3095,NEF,0,3
3096,QNIP,0,4
3097,NVQ,0,3
3098,SCVHES,0,6
3099,NDLWCMSRAYYY,0,12
3100,NSVM,0,4
3101,QMN,0,3
3102,MKVLKINS,0,8
3103,RI,0,2
3104,IEFCSFSIW,0,9
3105,DNKRF,0,5
3106,FSSN,0,4
3107,KGEMRQNQSDQSY,0,13
3108,ACCYWK,0,6
3109,MIV,0,3
3110,REVV,0,4
3111,ERN,0,3
3112,CIWNAM,0,6
3113,NMLWAWSP,0,8
3114,KAIMG,0,5
3115,IGSGDNCCFSL,0,11
3116,AMQD,0,4
3117,CTPRC,0,5
3118,QMSPTKMQSQ,0,10
3119,KEN,0,3
3120,GVTCTTHWP,0,9
3121,YERS,0,4
3122,FGSTNMHY,0,8
3123,QMF,0,3
3124,DSI,0,3
3125,MCNYWPCEVP,0,10
3126,SFDWQA,0,6
3127,DVMACASGCNR,0,11
3128,ITHT,0,4
3129,NWRQ,0,4
3130,RTKRNWITQCWE,0,12
3131,WCDWDCYYES,0,10
3132,FTF,0,3
3133,VNWHKF,0,6
3134,NCFWMRG,0,7
3135,DWSCLC,0,6
3136,FICF,0,4
3137,QTMGKG,0,6
3138,VWLKQV,0,6
3139,QHGMI,0,5
3140,NQN,0,3
3141,FQQKTMTPHYP,0,11
3142,WYRSVITVFR,0,10
3143,NMN,0,3
3144,AFAFNSWINH,0,10
3145,MTFW,0,4
3146,VCN,0,3
3147,NIV,0,3
3148,NPYNCEHCKLRRIF,0,14
3149,TCHQTFAD,0,8
3150,IQIVQCSGTCNWQ,0,13
3151,MKSI,0,4
3152,FKI,0,3
3153,IFQAT,0,5
3154,NSQ,0,3
3155,TMV,0,3
3156,ELGWCDVWMA,0,10
3157,NWKE,0,4
3158,WQCWAKS,0,7
3159,QRC,0,3
3160,TQVWAMKEMR,0,10
3161,NKWGDDWTMMRE,0,12
3162,CSYS,0,4
3163,KHWG,0,4
3164,FMLYCFVQ,0,8
3165,TFT,0,3
3166,FSQW,0,4
3167,MAW,0,3
3168,QMWGGGV,0,7
3169,FQVCPRFIK,0,9
3170,CVHGV,0,5
3171,KPRECN,0,6
3172,QWEWSLK,0,7
3173,DNSWWDPTS,0,9
3174,ERS,0,3
3175,TKDMMPY,0,7
3176,FVS,0,3
3177,ENI,0,3
3178,FIRTRDVCM,0,9
3179,SMK,0,3
3180,DNI,0,3
3181,QIN,0,3
3182,SNI,0,3
3183,KMPCQDEV,0,8
3184,DMHGEFQAKFP,0,11
3185,HWLHQHCRINIG,0,12
3186,IDT,0,3
3187,QRE,0,3
3188,QRA,0,3
3189,HCDTIINDNDIHRL,0,14
3190,INVHAS,0,6
3191,EWFGWKN,0,7
3192,RTF,0,3
3193,IQHKYSWTEHIHLY,0,14
3194,MAF,0,3
3195,WFTGSSCFP,0,9
3196,MSKYWPNHDENRWK,0,14
3197,KRQN,0,4
3198,NGM,0,3
3199,YSWMPTDFNSVM,0,12
3200,QIIRG,0,5
3201,SWG,0,3
3202,NNK,0,3
3203,TFF,0,3
3204,CAEGCGEHLC,0,10
3205,KKQDV,0,5
3206,WVDCW,0,5
3207,TSRI,0,4
3208,MAACCNAMHYVAN,0,13
3209,MCRMN,0,5
3210,NYDW,0,4
3211,INI,0,3
3212,TDT,0,3
3213,ITI,0,3
3214,RSS,0,3
3215,TVTSSTYRHREG,0,12
3216,CNTWM,0,5
3217,NQMNQVGG,0,8
3218,TEINWQ,0,6
3219,KCWYQAPA,0,8
3220,NCSYCFNQIRK,0,11
3221,YFRS,0,4
3222,PMCRMHW,0,7
3223,FIN,0,3
3224,KWQW,0,4
3225,GQDWKAMSL,0,9
3226,DFS,0,3
3227,QN,0,2
3228,NAWVCLGFMLS,0,11
3229,IKHFVR,0,6
3230,VCRNI,0,5
3231,RDFAEQF,0,7
3232,KFW,0,3
3233,TFW,0,3
3234,WR,0,2
3235,MCN,0,3
3236,TKMSCCPVSV,0,10
3237,GMNDRR,0,6
3238,WCGFL,0,5
3239,QRG,0,3
3240,MLV,0,3
3241,QMV,0,3
3242,AKTCLFM,0,7
3243,NTWRI,0,5
3244,IKAMFF,0,6
3245,MNS,0,3
3246,MPQIRVV,0,7
3247,WCQT,0,4
3248,TML,0,3
3249,KRTCPM,0,6
3250,IND,0,3
3251,CCMFGDQ,0,7
3252,WIR,0,3
3253,VRS,0,3
3254,QQN,0,3
3255,QEDW,0,4
3256,CGEVSRNRN,0,9
3257,SYSMLCMKPM,0,10
3258,NDWRHETYCWLL,0,12
3259,SHAEM,0,5
3260,MTNVC,0,5
3261,RRI,0,3
3262,RRMVNH,0,6
3263,HYCK,0,4
3264,IVRPWCHRHIMN,0,12
3265,TFCVLK,0,6
3266,DQMPHGVAFKTCQ,0,13
3267,NTVPCLYNQFT,0,11
3268,SCCEWMCWHT,0,10
3269,TQF,0,3
3270,KNFMA,0,5
3271,EWMIHIGV,0,8
3272,CQDVWF,0,6
3273,EWVKTERQGNCVG,0,13
3274,TCVFNS,0,6
3275,CVRFG,0,5
3276,NMEKSCATSSGHK,0,13
3277,MRMLCWFPW,0,9
3278,MSW,0,3
3279,CNCGR,0,5
3280,QDIMVW,0,6
3281,NIFKF,0,5
3282,CCWEDL,0,6
3283,RCPQH,0,5
3284,SRNT,0,4
3285,MRQYSN,0,6
3286,QFR,0,3
3287,KS,0,2
3288,CCEYNWATWL,0,10
3289,MPYWFGSC,0,8
3290,SDW,0,3
3291,FWS,0,3
3292,MNWERK,0,6
3293,RNM,0,3
3294,IINQTE,0,6
3295,WLSSFCACKFF,0,11
3296,GHWKGNM,0,7
3297,RLAYTWQGMC,0,10
3298,RNV,0,3
3299,KCN,0,3
3300,QRT,0,3
3301,ISMEKFG,0,7
3302,TNSYIDLR,0,8
3303,WVR,0,3
3304,FSQWR,0,5
3305,QIQDYC,0,6
3306,RPSQADCC,0,8
3307,WTRAF,0,5
3308,RM,0,2
3309,LTCTARRTCHAVCG,0,14
3310,IKTD,0,4
3311,WRD,0,3
3312,QMA,0,3
3313,TVTI,0,4
3314,CWCIN,0,5
3315,MASWHVKMKEKCH,0,13
3316,VNYWWAK,0,7
3317,IRKKAGC,0,7
3318,CQKGM,0,5
3319,CIRAP,0,5
3320,ICCMLSS,0,7
3321,KTF,0,3
3322,MNNFVHMWFDTP,0,12
3323,WIRSINYETVFA,0,12
3324,IVSSSTERCKWNY,0,13
3325,SSWFEITV,0,8
3326,VNN,0,3
3327,MIEV,0,4
3328,WEFGEMMRNM,0,10
3329,RNVV,0,4
3330,HCTDNP,0,6
3331,TICRKT,0,6
3332,YRVNRN,0,6
3333,NIDEWW,0,6
3334,DWGCVSQH,0,8
3335,NDMFTQ,0,6
3336,TND,0,3
3337,WQTTQSA,0,7
3338,WTIENMCG,0,8
3339,CTLFHESMCNCER,0,13
3340,TCTMKGRMK,0,9
3341,NDIKTAF,0,7
3342,CHQCS,0,5
3343,MTVIAS,0,6
3344,ICLIAIFN,0,8
3345,QDAFCFIARRL,0,11
3346,QFI,0,3
3347,WWGCYDFNV,0,9
3348,DFIN,0,4
3349,IHICCR,0,6
3350,NFLDD,0,5
3351,YDM,0,3
3352,YMNAVGW,0,7
3353,TVMF,0,4
3354,NRI,0,3
3355,ILNC,0,4
3356,LVWIFWMM,0,8
3357,KSN,0,3
3358,DNACHCKQFWP,0,11
3359,FRC,0,3
3360,TGTCYQG,0,7
3361,ATIQWQWNNQ,0,10
3362,WIEIRN,0,6
3363,RS,0,2
3364,TKW,0,3
3365,YRM,0,3
3366,FFN,0,3
3367,MID,0,3
3368,MNP,0,3
3369,YFWCLQMLA,0,9
3370,YEMTFT,0,6
3371,SDTWDVIRAYPRNR,0,14
3372,FFT,0,3
3373,RVMWAEKYI,0,9
3374,QVECTY,0,6
3375,GGMHCNTWEPT,0,11
3376,CGTMF,0,5
3377,HNFW,0,4
3378,KYCFEYCTLDKSQ,0,13
