,SEQUENCE,label,seq_length,partition
0,LRGIKNYRVAVL,1,12,0
1,YQL,1,3,1
2,HGPLGPL,1,7,2
3,RHV,1,3,3
4,DLGLGLPGAH,1,10,4
5,HEKVC,1,5,0
6,YAKP,1,4,1
7,SRYPS,1,5,2
8,YLMSR,1,5,3
9,CHI,1,3,4
10,NRVYIHPFHLLVYS,1,14,0
11,ESTVPERTHPACPDFN,1,16,1
12,AW,1,2,2
13,TCSP,1,4,3
14,PHE,1,3,4
15,SALAM,1,5,0
16,RCMAFLLSDGAAAAQQLLPQYW,1,22,1
17,RYPS,1,4,2
18,VAGTWY,1,6,3
19,LNGDVW,1,6,4
20,ISELGF,1,6,0
21,HFGDPFH,1,7,1
22,EEEQVGQGYETIRARL,1,16,2
23,PWE,1,3,3
24,VPVTST,1,6,4
25,MY,1,2,0
26,HEH,1,3,1
27,LVSK,1,4,2
28,GLTSK,1,5,3
29,YIY,1,3,4
30,RHA,1,3,0
31,VIPMGL,1,6,1
32,YKY,1,3,2
33,HPH,1,3,3
34,VKV,1,3,4
35,RHK,1,3,0
36,YLAGMN,1,6,1
37,VY,1,2,2
38,NHAV,1,4,3
39,YIPIQY,1,6,4
40,VECYGPNRPQF,1,11,0
41,ARHPHPHLSFM,1,11,1
42,YGGFL,1,5,2
43,FFGFN,1,5,3
44,PWS,1,3,4
45,HLPH,1,4,0
46,PKLPPVKK,1,8,1
47,KDVPP,1,5,2
48,CLV,1,3,3
49,RYLGY,1,5,4
50,RWA,1,3,0
51,WG,1,2,1
52,DLEE,1,4,2
53,SIITMTKEAKLPQLWKQIACRLYNTC,1,26,3
54,LWI,1,3,4
55,TEVWDSNEQ,1,9,0
56,RHW,1,3,1
57,CAQ,1,3,2
58,AWDPE,1,5,3
59,QLGNLGV,1,7,4
60,AADNANELFPPN,1,12,0
61,DHTKE,1,5,1
62,GFRGTIGLVG,1,10,2
63,GEGSGA,1,6,3
64,RADHP,1,5,4
65,PWA,1,3,0
66,HFH,1,3,1
67,FVAPAGTINY,1,10,2
68,WYT,1,3,3
69,FLKPLFNAALKLLP,1,14,4
70,YSY,1,3,0
71,LHW,1,3,1
72,DGVVYY,1,6,2
73,VPSIDDQEELM,1,11,3
74,AAVGGYRVAVL,1,11,4
75,LVDTGRGPIMY,1,11,0
76,MK,1,2,1
77,AMTGLDA,1,7,2
78,SVEIQALCDM,1,10,3
79,RADHPFL,1,7,4
80,PNRPQF,1,6,0
81,PIAAEVYEHTEGSTTSY,1,17,1
82,TSQLLSDQ,1,8,2
83,VAWRNRCKGTD,1,11,3
84,FKK,1,3,4
85,MILMR,1,5,0
86,DDPDKGMLKWKNDFFQEF,1,18,1
87,GTQY,1,4,2
88,RPNYTDA,1,7,3
89,MQFHT,1,5,4
90,LWQ,1,3,0
91,KTFCGRH,1,7,1
92,LHQ,1,3,2
93,PWH,1,3,3
94,PLHH,1,4,4
95,IKL,1,3,0
96,GQVPP,1,5,1
97,HDH,1,3,2
98,WEGPK,1,5,3
99,FVPH,1,4,4
100,IKK,1,3,0
101,HQIYPV,1,6,1
102,PWW,1,3,2
103,PYVRYL,1,6,3
104,HVRETALV,1,8,4
105,RHD,1,3,0
106,PWY,1,3,1
107,QYY,1,3,2
108,QCH,1,3,3
109,ISELGW,1,6,4
110,PVMGA,1,5,0
111,PSLVGRPPVGKLTL,1,14,1
112,WNIP,1,4,2
113,VCSV,1,4,3
114,NYKQM,1,5,4
115,YLG,1,3,0
116,DEDTQAMP,1,8,1
117,VNPHDHQN,1,8,2
118,TIASGEP,1,7,3
119,LMGQW,1,5,4
120,LLPHHADADY,1,10,0
121,KVLPVPQK,1,8,1
122,HLPLPL,1,6,2
123,RPPGFSPFR,1,9,3
124,PWT,1,3,4
125,AWIRGCRL,1,8,0
126,YQKFPQY,1,7,1
127,VLEANPRSF,1,9,2
128,ESTTVPERTHPACPDFN,1,17,3
129,WDDMEK,1,6,4
130,EWPAQ,1,5,0
131,GPLGLLGFLGPLGLS,1,15,1
132,NEN,1,3,2
133,YQY,1,3,3
134,RNDDLNYIQ,1,9,4
135,PMDYMVT,1,7,0
136,YVY,1,3,1
137,WRNRCKGTD,1,9,2
138,LLPHH,1,5,3
139,LHPH,1,4,4
140,LHS,1,3,0
141,YNI,1,3,1
142,YGYTGA,1,6,2
143,WYSLA,1,5,3
144,VHHANEN,1,7,4
145,VIPAGYP,1,7,0
146,YPPAK,1,5,1
147,DVPPYM,1,6,2
148,YYV,1,3,3
149,PSHDAHPE,1,8,4
150,GALAAH,1,6,0
151,LMSYMWSTSM,1,10,1
152,ADF,1,3,2
153,AGGF,1,4,3
154,NGPLQAGQPGER,1,12,4
155,LWY,1,3,0
156,YPI,1,3,1
157,PSKYEPFV,1,8,2
158,YYI,1,3,3
159,PHT,1,3,4
160,PYY,1,3,0
161,PPK,1,3,1
162,VKVLLEHPVL,1,10,2
163,IRGCRL,1,6,3
164,VYPFPGPIPN,1,10,4
165,RYQ,1,3,0
166,PLFQNKLAHAK,1,11,1
167,LWE,1,3,2
168,YYE,1,3,3
169,EEYFPVGGDRPESF,1,14,4
170,WY,1,2,0
171,LLPF,1,4,1
172,HHY,1,3,2
173,PHF,1,3,3
174,AYY,1,3,4
175,VKAGFAWTANQQLS,1,14,0
176,LAC,1,3,1
177,IEEAF,1,5,2
178,GHH,1,3,3
179,PWV,1,3,4
180,LHL,1,3,0
181,LWW,1,3,1
182,LFC,1,3,2
183,FYQL,1,4,3
184,RWR,1,3,4
185,PVSHDHAPEY,1,10,0
186,QWPAQ,1,5,1
187,LYEGY,1,5,2
188,FIKK,1,4,3
189,LWK,1,3,4
190,LWS,1,3,0
191,HMPVTK,1,6,1
192,SWN,1,3,2
193,QYDQGV,1,6,3
194,TYY,1,3,4
195,HDHPVC,1,6,0
196,PHQ,1,3,1
197,PSDHDHE,1,7,2
198,LPYY,1,4,3
199,LWG,1,3,4
200,VDYP,1,4,0
201,YSEMPPGK,1,8,1
202,YWVTSGPK,1,8,2
203,LHG,1,3,3
204,LHR,1,3,4
205,LHN,1,3,0
206,YAKPA,1,5,1
207,PSIPA,1,5,2
208,TEFTK,1,5,3
209,IANNEADAISLDGGQVFEAG,1,20,4
210,LWV,1,3,0
211,RASDPLLSV,1,9,1
212,LEELEEELEGCE,1,12,2
213,WEIKPSSLTGKSPYFSNNHGKL,1,22,3
214,MTEEY,1,5,4
215,YYS,1,3,0
216,NYY,1,3,1
217,RHH,1,3,2
218,DRVYIHPF,1,8,3
219,PHR,1,3,4
220,VHDY,1,4,0
221,VVKL,1,4,1
222,FHNMEK,1,6,2
223,PHYL,1,4,3
224,RYLG,1,4,4
225,YEDCTDCGN,1,9,0
226,KKY,1,3,1
227,RHPHP,1,5,2
228,RHG,1,3,3
229,EERYP,1,5,4
230,GTW,1,3,0
231,HYH,1,3,1
232,LQSGDALRVPSGTTYY,1,16,2
233,WSVPQPK,1,7,3
234,PHCKRM,1,6,4
235,ACFL,1,4,0
236,DRVYIHPFHL,1,10,1
237,RHE,1,3,2
238,AEEEYPDL,1,8,3
239,TRTGDPFF,1,8,4
240,WHNVSGSP,1,8,0
241,AH,1,2,1
242,YNY,1,3,2
243,YYG,1,3,3
244,YYA,1,3,4
245,LHK,1,3,0
246,RHL,1,3,1
247,PWQ,1,3,2
248,AGWNI,1,5,3
249,GGIF,1,4,4
250,PVDENDEG,1,8,0
251,FRADHPFL,1,8,1
252,PW,1,2,2
253,AHK,1,3,3
254,WYS,1,3,4
255,LLR,1,3,0
256,VECYG,1,5,1
257,HPHL,1,4,2
258,AHH,1,3,3
259,TW,1,2,4
260,PWD,1,3,0
261,MM,1,2,1
262,LWA,1,3,2
263,HHW,1,3,3
264,GWNIP,1,5,4
265,LARL,1,4,0
266,YLYP,1,4,1
267,PWL,1,3,2
268,YSTA,1,4,3
269,CAAP,1,4,4
270,STMMEERRMKVY,1,12,0
271,WYSLAMA,1,7,1
272,VGGRP,1,5,2
273,FGHPY,1,5,3
274,ISELWG,1,6,4
275,RWN,1,3,0
276,SHDAHPE,1,7,1
277,ELLI,1,4,2
278,YYD,1,3,3
279,AVPYPQR,1,7,4
280,RWY,1,3,0
281,IHH,1,3,1
282,LPF,1,3,2
283,SAEHGSLH,1,8,3
284,LHA,1,3,4
285,GFYPPP,1,6,0
286,HHLP,1,4,1
287,SYY,1,3,2
288,YYL,1,3,3
289,RWI,1,3,4
290,PWN,1,3,0
291,QHH,1,3,1
292,GPVRGPFPII,1,10,2
293,PHD,1,3,3
294,VAPFPGVFGK,1,10,4
295,IYIEQGNGITGM,1,12,0
296,FEQL,1,4,1
297,DHG,1,3,2
298,YQLD,1,4,3
299,EL,1,2,4
300,KHNRGDEF,1,8,0
301,LQGM,1,4,1
302,YLGAK,1,5,2
303,LLHH,1,4,3
304,WPL,1,3,4
305,VPKNYFHDIV,1,10,0
306,GPGGFI,1,6,1
307,LHE,1,3,2
308,YMY,1,3,3
309,LDY,1,3,4
310,FRSGILKLASKIPSVLCAVLKNC,1,23,0
311,YHH,1,3,1
312,KD,1,2,2
313,IY,1,2,3
314,LQL,1,3,4
315,YLGY,1,4,0
316,AEAQKQLR,1,8,1
317,YVEEL,1,5,2
318,LALPA,1,5,3
319,VAVDKHDYEPLGHSDIGVY,1,19,4
320,FPLEMMPF,1,8,0
321,YAEERYPIL,1,9,1
322,CQC,1,3,2
323,YDY,1,3,3
324,LVMFLDNQHRVIRH,1,14,4
325,EFLQ,1,4,0
326,AMRLTYNRPCLGAT,1,14,1
327,WISELG,1,6,2
328,AIRQGDVF,1,8,3
329,LGFEYY,1,6,4
330,LHD,1,3,0
331,DVFRELRVQ,1,9,1
332,HYY,1,3,2
333,PHL,1,3,3
334,VPNSYP,1,6,4
335,FPQY,1,4,0
336,YQEPVLGPVRGPFPIIV,1,17,1
337,LHY,1,3,2
338,HH,1,2,3
339,LTTLDSE,1,7,4
340,PKAV,1,4,0
341,AKAWGIPPHVIPQIVPVRIRPLCGNV,1,26,1
342,IIENGEKWS,1,9,2
343,MHI,1,3,3
344,NQE,1,3,4
345,HPLH,1,4,0
346,RWW,1,3,1
347,VPYPQ,1,5,2
348,SGAF,1,4,3
349,DSGVT,1,5,4
350,NHRYDR,1,6,0
351,SVMPVVA,1,7,1
352,WEN,1,3,2
353,HHPLL,1,5,3
354,RWE,1,3,4
355,NFHPQ,1,5,0
356,DPALATEPDPMPF,1,13,1
357,AY,1,2,2
358,FVAGK,1,5,3
359,GIISHR,1,6,4
360,QHGV,1,4,0
361,GYY,1,3,1
362,HWH,1,3,2
363,LWN,1,3,3
364,DAQEKLE,1,7,4
365,LANAK,1,5,0
366,YPEL,1,4,1
367,PYPQ,1,4,2
368,LY,1,2,3
369,VLYEE,1,5,4
370,YLKT,1,4,0
371,YYY,1,3,1
372,LWF,1,3,2
373,RHS,1,3,3
374,APIRMWYMYRKLTDMEPKPVA,1,21,4
375,MPDAHL,1,6,0
376,EQC,1,3,1
377,SGQYFL,1,6,2
378,PHN,1,3,3
379,PHS,1,3,4
380,LNLPTAVYMVT,1,11,0
381,GNRGFACRHA,1,10,1
382,IPAGM,1,5,2
383,FDSGPAGVL,1,9,3
384,PSLPA,1,5,4
385,LVNPHDHQN,1,9,0
386,GSGGL,1,5,1
387,MEMK,1,4,2
388,EELDNALN,1,8,3
389,MWL,1,3,4
390,TGGGNV,1,6,0
391,RHM,1,3,1
392,DWDPK,1,5,2
393,NGLEGLK,1,7,3
394,RDMPIQ,1,6,4
395,GFFDRIKALTKNVTLELLNTITCKLPVTPP,1,30,0
396,TYQTF,1,5,1
397,FLHRP,1,5,2
398,LQPGQGQQ,1,8,3
399,AQIPQQ,1,6,4
400,SDRDLLGPNNQYLPK,1,15,0
401,AGWNIP,1,6,1
402,IQW,1,3,2
403,RPDFDLEPPY,1,10,3
404,TETWNPNHPEL,1,11,4
405,RHT,1,3,0
406,LPHH,1,4,1
407,YLAGKPQQEH,1,10,2
408,KVI,1,3,3
409,PWF,1,3,4
410,EYY,1,3,0
411,HHF,1,3,1
412,YFE,1,3,2
413,VVGGDGDV,1,8,3
414,KFPE,1,4,4
415,YGLN,1,4,0
416,RHY,1,3,1
417,KAI,1,3,2
418,ACQ,1,3,3
419,IAPNYNTRATKL,1,12,4
420,YGY,1,3,0
421,LELHKLRSSHWFSRR,1,15,1
422,TDY,1,3,2
423,YYN,1,3,3
424,WYSLAMAASDI,1,11,4
425,GYLEQ,1,5,0
426,RWG,1,3,1
427,WVYY,1,4,2
428,RNR,1,3,3
429,WPP,1,3,4
430,LWT,1,3,0
431,IVEYF,1,5,1
432,LVGDEQAVPAVCVP,1,14,2
433,RHQ,1,3,3
434,RW,1,2,4
435,VYY,1,3,0
436,VKL,1,3,1
437,VW,1,2,2
438,GAH,1,3,3
439,GIFE,1,4,4
440,YNL,1,3,0
441,YQIGL,1,5,1
442,GVPLT,1,5,2
443,RHN,1,3,3
444,RLKKY,1,5,4
445,ECA,1,3,0
446,ALEPDHR,1,7,1
447,RHI,1,3,2
448,IRW,1,3,3
449,AYPS,1,4,4
450,MHH,1,3,0
451,RHF,1,3,1
452,RYY,1,3,2
453,VSYT,1,4,3
454,FFAPGRNPTSFS,1,12,4
455,SVYT,1,4,0
456,CVHWMTNTARTACIAP,1,16,1
457,PHW,1,3,2
458,YYH,1,3,3
459,IEAEGE,1,6,4
460,LPHSGY,1,6,0
461,VPW,1,3,1
462,HHPL,1,4,2
463,YWY,1,3,3
464,VHH,1,3,4
465,PHI,1,3,0
466,FDEQE,1,5,1
467,FLQEFLHV,1,8,2
468,DYK,1,3,3
469,FC,1,2,4
470,SNAAC,1,5,0
471,YLL,1,3,1
472,VGDI,1,4,2
473,LWH,1,3,3
474,WYGPD,1,5,4
475,FYY,1,3,0
476,AGTTCLFTPLALPYDYSH,1,18,1
477,LYY,1,3,2
478,AMRLTGNRPGLYAT,1,14,3
479,EFQI,1,4,4
480,FIPGLRRLFATVVPTVVCAINKLPPG,1,26,0
481,LWM,1,3,1
482,AGWNIPIGT,1,9,2
483,AEERYP,1,6,3
484,YRY,1,3,4
485,PWR,1,3,0
486,PPQ,1,3,1
487,YYQ,1,3,2
488,IQY,1,3,3
489,YEADARSFHDLAEHDIRV,1,18,4
490,NPYVPR,1,6,0
491,AMRLTYNRPCIYAT,1,14,1
492,RYL,1,3,2
493,FLPF,1,4,3
494,LMCH,1,4,4
495,EAK,1,3,0
496,LSGYGP,1,6,1
497,YVL,1,3,2
498,SHH,1,3,3
499,WYY,1,3,4
500,LPL,1,3,0
501,SDF,1,3,1
502,WSY,1,3,2
503,FVNQPYLLYSVHMK,1,14,3
504,VKEAMPK,1,7,4
505,YYR,1,3,0
506,RWH,1,3,1
507,AMRLTYNKPCLYGT,1,14,2
508,KGLWE,1,5,3
509,IYY,1,3,4
510,LQPGQGQQG,1,9,0
511,GVQEGAGHYALL,1,12,1
512,LWD,1,3,2
513,MPACGSS,1,7,3
514,KLSDW,1,5,4
515,YPFPG,1,5,0
516,VPSGK,1,5,1
517,LLGPGLTNHA,1,10,2
518,YQK,1,3,3
519,HNPI,1,4,4
520,RWT,1,3,0
521,PSYV,1,4,1
522,YFYPEL,1,6,2
523,CSQAPLA,1,7,3
524,DYY,1,3,4
525,YYIVS,1,5,0
526,TVYQ,1,4,1
527,HHP,1,3,2
528,GGE,1,3,3
529,FYPEL,1,5,4
530,ARHPHP,1,6,0
531,WSRRGEREEEDERRR,1,15,1
532,VFPW,1,4,2
533,YQEPVLGP,1,8,3
534,PWI,1,3,4
535,FEQI,1,4,0
536,LHV,1,3,1
537,VKEAMAPK,1,8,2
538,VLSRYPS,1,7,3
539,PHV,1,3,4
540,LLPHHH,1,6,0
541,ALP,1,3,1
542,WL,1,2,2
543,PQIPEQF,1,7,3
544,YNILSGFDTEL,1,11,4
545,SMRKPPG,1,7,0
546,FHH,1,3,1
547,PC,1,2,2
548,ADASVLPK,1,8,3
549,AQK,1,3,4
550,PAGY,1,4,0
551,FDK,1,3,1
552,YIEAVNKVSPRAGQF,1,15,2
553,FDYDPR,1,6,3
554,IPIQY,1,5,4
555,KVL,1,3,0
556,GLDIQK,1,6,1
557,PHHADS,1,6,2
558,YTY,1,3,3
559,DLE,1,3,4
560,GPP,1,3,0
561,FD,1,2,1
562,LNE,1,3,2
563,AELQVVDHLGQTV,1,13,3
564,GDL,1,3,4
565,LLAPPER,1,7,0
566,PAV,1,3,1
567,VLDTGLAGA,1,9,2
568,PEL,1,3,3
569,LVSGM,1,5,4
570,YA,1,2,0
571,QLE,1,3,1
572,VFD,1,3,2
573,LWR,1,3,3
574,PEV,1,3,4
575,AEFAES,1,6,0
576,TKI,1,3,1
577,PEG,1,3,2
578,ESIINF,1,6,3
579,EFFDVSNEQ,1,9,4
580,GAQ,1,3,0
581,VTQ,1,3,1
582,VLPIPQ,1,6,2
583,ILL,1,3,3
584,LGLNGDDVN,1,9,4
585,YQEP,1,4,0
586,LYPY,1,4,1
587,HPIKHQGLPQ,1,10,2
588,QAL,1,3,3
589,ADGF,1,4,4
590,AEP,1,3,0
591,YSK,1,3,1
592,LHM,1,3,2
593,VGPLSPT,1,7,3
594,GEPGPPGPPGPPGPPG,1,16,4
595,VQVTSTAV,1,8,0
596,LHT,1,3,1
597,YGKPVAVPAR,1,10,2
598,RWL,1,3,3
599,VVVVPH,1,6,4
600,MPVHTDAD,1,8,0
601,QVVRSDQGSVR,1,11,1
602,VPKVK,1,5,2
603,TAAIVNTA,1,8,3
604,PTP,1,3,4
605,DDLPR,1,5,0
606,KAL,1,3,1
607,YSEEQQPSTR,1,10,2
608,VLV,1,3,3
609,FFNPVH,1,6,4
610,VLNSNAAPLPN,1,11,0
611,IEWEGIESGSVEQA,1,14,1
612,ENG,1,3,2
613,VEVGGGARAP,1,10,3
614,KKI,1,3,4
615,RVY,1,3,0
616,LKQELEDLLEKQE,1,13,1
617,HVIKPPSRA,1,9,2
618,QITEGEDGGG,1,10,3
619,DAQ,1,3,4
620,LKKISQ,1,6,0
621,SLA,1,3,1
622,QKW,1,3,2
623,ALA,1,3,3
624,VKRRGQDCIHGFCSD,1,15,4
625,AEK,1,3,0
626,DSAI,1,4,1
627,VLSTSFPPK,1,9,2
628,SSGFTY,1,6,3
629,RTP,1,3,4
630,RPSYT,1,5,0
631,NIQFNEQKAL,1,10,1
632,DPAQPNYPWTAVLVFRH,1,17,2
633,PTQ,1,3,3
634,YYDPL,1,5,4
635,IYPF,1,4,0
636,KELPPSDADW,1,10,1
637,TFD,1,3,2
638,PPHMLP,1,6,3
639,PHH,1,3,4
640,YKK,1,3,0
641,VTGRFAGHPAAQ,1,12,1
642,LPAGV,1,5,2
643,RLS,1,3,3
644,MYY,1,3,4
645,PLPPHMLP,1,8,0
646,KIP,1,3,1
647,LLNPT,1,5,2
648,TPSPR,1,5,3
649,FIGP,1,4,4
650,IVF,1,3,0
651,LHH,1,3,1
652,YLLLK,1,5,2
653,MSEGSGAADVEGPS,1,14,3
654,VEIPHD,1,6,4
655,QIGLF,1,5,0
656,GASRHWYFL,1,9,1
657,EVR,1,3,2
658,LAL,1,3,3
659,GAA,1,3,4
660,VCDADPSSPVPEA,1,13,0
661,DTGSDKKQL,1,9,1
662,PKAVHE,1,6,2
663,YPYY,1,4,3
664,YVHPFHL,1,7,4
665,RWQ,1,3,0
666,AMA,1,3,1
667,GPAGDY,1,6,2
668,HPHPHLSF,1,8,3
669,LEEAF,1,5,4
670,LDI,1,3,0
671,YGL,1,3,1
672,VSLPEW,1,6,2
673,QNIFSGFSTELLS,1,13,3
674,LRV,1,3,4
675,HGGEGGRPYHLGEES,1,15,0
676,AAAAAGGGEGEG,1,12,1
677,VLEESKGAPKPN,1,12,2
678,PYSFK,1,5,3
679,ALGGA,1,5,4
680,EGD,1,3,0
681,LPYPY,1,5,1
682,EQEEEESTGRMK,1,12,2
683,TNGIIR,1,6,3
684,NMAVPDALAGPL,1,12,4
685,DHHQVYSPGEQ,1,11,0
686,YGGVSLPEW,1,9,1
687,AGCGCEAMFAGA,1,12,2
688,PR,1,2,3
689,HNAVDSQIAGKA,1,12,4
690,EFFDVSNELFQ,1,11,0
691,YEGS,1,4,1
692,CAGVSAIR,1,8,2
693,IVQNNDSTEYG,1,11,3
694,ELK,1,3,4
695,SAP,1,3,0
696,FLNDFLHV,1,8,1
697,YQETSSSSSQE,1,11,2
698,SPYCYG,1,6,3
699,RDILNQ,1,6,4
700,DHHQ,1,4,0
701,VRT,1,3,1
702,KEFLLAGNNNRA,1,12,2
703,YINQMPQKSREA,1,12,3
704,FDGEVK,1,6,4
705,TVFDGELR,1,8,0
706,DKLDLSDLAHEY,1,12,1
707,WISELGW,1,7,2
708,RWAEK,1,5,3
709,WAFS,1,4,4
710,AAVKKMYDIQAKK,1,13,0
711,LDYE,1,4,1
712,IPIQYVL,1,7,2
713,FDTADLPSGKGYL,1,13,3
714,LEI,1,3,4
715,VKP,1,3,0
716,VPLSPT,1,6,1
717,IPAGV,1,5,2
718,GGRLDSGKQPPRQ,1,13,3
719,LSGNK,1,5,4
720,DTD,1,3,0
721,LDT,1,3,1
722,CLL,1,3,2
723,QVVPYPQ,1,7,3
724,GEQQQQPGMTR,1,11,4
725,YPSPV,1,5,0
726,NVNYVELLVAPNVDL,1,15,1
727,NPT,1,3,2
728,LQGMP,1,5,3
729,YQKF,1,4,4
730,ALE,1,3,0
731,ASPAPAGLSY,1,10,1
732,YFY,1,3,2
733,ISL,1,3,3
734,FLDALLKTVDCN,1,12,4
735,EQS,1,3,0
736,EIL,1,3,1
737,YVNDAATLLPR,1,11,2
738,MCYPAST,1,7,3
739,TPE,1,3,4
740,YYM,1,3,0
741,GFGPEL,1,6,1
742,LLF,1,3,2
743,HAEIN,1,5,3
744,CGA,1,3,4
745,THH,1,3,0
746,VLPVPQK,1,7,1
747,KY,1,2,2
748,KVA,1,3,3
749,NMGPLLPQ,1,8,4
750,ISELGY,1,6,0
751,SPFLQSAAFQLRN,1,13,1
752,QL,1,2,2
753,QKV,1,3,3
754,LDA,1,3,4
755,MDATALHYENQK,1,12,0
756,DHHK,1,4,1
757,GDRFQDQHQ,1,9,2
758,VVYFDQTQAQA,1,11,3
759,VVALALI,1,7,4
760,SVPQPK,1,6,0
761,ALPMHIR,1,7,1
762,VLPVP,1,5,2
763,LER,1,3,3
764,GPPGPPGPPGPPG,1,13,4
765,AVF,1,3,0
766,GQFNDKRWIPFG,1,12,1
767,DAHK,1,4,2
768,LGFEY,1,5,3
769,IVAGPQ,1,6,4
770,LSF,1,3,0
771,ALSAF,1,5,1
772,VVSNFGKTVFDGVL,1,14,2
773,YQKFP,1,5,3
774,ACNLPRMC,1,8,4
775,KPYVFRATGAL,1,11,0
776,MLELDPLNNLPRM,1,13,1
777,LAGNPHQQQQN,1,11,2
778,NYPSD,1,5,3
779,QKK,1,3,4
780,HYVPV,1,5,0
781,TQL,1,3,1
782,VLVPK,1,5,2
783,HLPLP,1,5,3
784,HIR,1,3,4
785,EYNNHGSFREAHPGA,1,15,0
786,SVL,1,3,1
787,FGERR,1,5,2
788,DSAIDLGD,1,8,3
789,EIPT,1,4,4
790,FDGLPAKPAKKEETR,1,15,0
791,WPRGYFL,1,7,1
792,LEQQVDDLEGSLEQEKK,1,17,2
793,LVL,1,3,3
794,FNP,1,3,4
795,AGLAPY,1,6,0
796,SGGY,1,4,1
797,GLAGA,1,5,2
798,KHDRGDEF,1,8,3
799,ALK,1,3,4
800,LTC,1,3,0
801,GPPGPPGPPG,1,10,1
802,KYL,1,3,2
803,LDIQKEV,1,7,3
804,PLAQPA,1,6,4
805,MVPYPQR,1,7,0
806,SSDEEVREEKELDLSSNE,1,18,1
807,WALKGYK,1,7,2
808,LK,1,2,3
809,HGPL,1,4,4
810,FSDKIAK,1,7,0
811,RVPSLM,1,6,1
812,PHA,1,3,2
813,AEDKKLIQ,1,8,3
814,LVEKGDVAFI,1,10,4
815,LPWRPATNVF,1,10,0
816,KEEKFE,1,6,1
817,EEEKNRLTKKTKLT,1,14,2
818,LSSLEMGSLGALFVCM,1,16,3
819,VAW,1,3,4
820,FGER,1,4,0
821,YVE,1,3,1
822,PDLVF,1,5,2
823,QQFQQSGQAQLTE,1,13,3
824,GPAGPAG,1,7,4
825,GFPSG,1,5,0
826,LKP,1,3,1
827,EKF,1,3,2
828,HIAGKSSIFRA,1,11,3
829,APL,1,3,4
830,IIA,1,3,0
831,YHY,1,3,1
832,APGAPGPVG,1,9,2
833,PMH,1,3,3
834,WSVWEQELEDR,1,11,4
835,SEALGVSSQVARQ,1,13,0
836,TY,1,2,1
837,ETTL,1,4,2
838,VAMVPPFET,1,9,3
839,EYLARKGGVEVN,1,12,4
840,RGY,1,3,0
841,EEL,1,3,1
842,QQRQQQGL,1,8,2
843,HL,1,2,3
844,ACGNLPRMC,1,9,4
845,LEK,1,3,0
846,PGVPWP,1,6,1
847,LAGKPQQEHSGEHQ,1,14,2
848,NGE,1,3,3
849,ENS,1,3,4
850,ASD,1,3,0
851,GP,1,2,1
852,SLL,1,3,2
853,LPENAKVDQVK,1,11,3
854,VHLKP,1,5,4
855,AGT,1,3,0
856,VDHDHPE,1,7,1
857,SGGSYADELVSTAK,1,14,2
858,VGGIDEVIAK,1,10,3
859,WDR,1,3,4
860,YYK,1,3,0
861,EAL,1,3,1
862,GFVG,1,4,2
863,ADVFNPR,1,7,3
864,ENK,1,3,4
865,ISQAVHAHAEINEAGR,1,16,0
866,DAL,1,3,1
867,IIAEK,1,5,2
868,TQT,1,3,3
869,SFN,1,3,4
870,YGNWLYK,1,7,0
871,LW,1,2,1
872,HDHAERFSGHDNED,1,14,2
873,SAE,1,3,3
874,VLD,1,3,4
875,VEGNLQVLRPR,1,11,0
876,KPT,1,3,1
877,KYY,1,3,2
878,VYV,1,3,3
879,EVPKA,1,5,4
880,ALN,1,3,0
881,DLSDGEQGVL,1,10,1
882,TPEVDDEALKE,1,11,2
883,IQK,1,3,3
884,MNGEKKKAPLGDE,1,13,4
885,RGQVIYVL,1,8,0
886,IRL,1,3,1
887,CVPEVDPLLLRAE,1,13,2
888,WP,1,2,3
889,LT,1,2,4
890,YY,1,2,0
891,YPELF,1,5,1
892,GLD,1,3,2
893,ASPKPSSA,1,8,3
894,PQFYW,1,5,4
895,LELPLK,1,6,0
896,TEFHLL,1,6,1
897,QYP,1,3,2
898,LH,1,2,3
899,EPDRY,1,5,4
900,YAY,1,3,0
901,PP,1,2,1
902,VLLPDEVSGL,1,10,2
903,SDI,1,3,3
904,TVGGAPAGRIVME,1,13,4
905,IVT,1,3,0
906,WGLETAGSVVLLDLQ,1,15,1
907,IPA,1,3,2
908,HYEG,1,4,3
909,AP,1,2,4
910,SVDSQTAF,1,8,0
911,QGAR,1,4,1
912,YGIKVGYAIP,1,10,2
913,KKSKADLTEVTHK,1,13,3
914,HLHP,1,4,4
915,HQP,1,3,0
916,VGAPSVS,1,7,1
917,LDK,1,3,2
918,DLVKVEA,1,7,3
919,FVSACSVAG,1,9,4
920,VKELY,1,5,0
921,HK,1,2,1
922,AGNDGFEYVTLK,1,12,2
923,NGPLLPSDEMDRA,1,13,3
924,AYFYPE,1,6,4
925,IAE,1,3,0
926,LVYIIQGR,1,8,1
927,LEE,1,3,2
928,AYFYPEL,1,7,3
929,GGNYVGVP,1,8,4
930,LHF,1,3,0
931,RADHPF,1,6,1
932,RYQKF,1,5,2
933,YRGGLEPINF,1,10,3
934,YPIL,1,4,4
935,FSGGE,1,5,0
936,LGNTDYAVH,1,9,1
937,LWHTH,1,5,2
938,FPGLADR,1,7,3
939,LLPH,1,4,4
940,LQK,1,3,0
941,LPM,1,3,1
942,PTGPNNGLSY,1,10,2
943,SSAPGGGRP,1,9,3
944,KVR,1,3,4
945,TTYY,1,4,0
946,QSL,1,3,1
947,LAPSLPGKPKPD,1,12,2
948,FIMGPY,1,6,3
949,DLDLRKDLYAN,1,11,4
950,GKGEGGGGLA,1,10,0
951,PLPLHMLP,1,8,1
952,SAGNPN,1,6,2
953,FSL,1,3,3
954,LAM,1,3,4
955,SV,1,2,0
956,KAQYPYV,1,7,1
957,IPAVFK,1,6,2
958,LGY,1,3,3
959,ADHP,1,4,4
960,VAG,1,3,0
961,GGLEPINFN,1,9,1
962,NP,1,2,2
963,DIQ,1,3,3
964,NHK,1,3,4
965,KII,1,3,0
966,HLPLPLL,1,7,1
967,RINK,1,4,2
968,HVAGTVA,1,7,3
969,TAGTGGGQFQPMR,1,13,4
970,ALT,1,3,0
971,FL,1,2,1
972,AVYVYDVNNNANQ,1,13,2
973,YFPVGGDRPESF,1,12,3
974,FNVVLK,1,6,4
975,KFD,1,3,0
976,WLLYLDGPPMGLT,1,13,1
977,WYSL,1,4,2
978,AQQQEQAQQQEQ,1,12,3
979,EEQ,1,3,4
980,YGGFM,1,5,0
981,QAGTGAGAGGGAGTKTSS,1,18,1
982,TIIPLPV,1,7,2
983,QPSSVDSQTAM,1,11,3
984,RY,1,2,4
985,QTDSHGNDRLLLT,1,13,0
986,YLY,1,3,1
987,LLL,1,3,2
988,SVNVPL,1,6,3
989,IR,1,2,4
990,VAPFPEVF,1,8,0
991,AAAAG,1,5,1
992,VVLYR,1,5,2
993,KGL,1,3,3
994,GNPIPREPGQVPAY,1,14,4
995,INY,1,3,0
996,GWNI,1,4,1
997,HLH,1,3,2
998,VALDGGL,1,7,3
999,SPFWNINAHS,1,10,4
1000,AQS,1,3,0
1001,LVR,1,3,1
1002,ACSNHSPLGWRGH,1,13,2
1003,PWG,1,3,3
1004,TERGY,1,5,4
1005,NM,1,2,0
1006,VE,1,2,1
1007,KP,1,2,2
1008,SY,1,2,3
1009,HC,1,2,4
1010,DW,1,2,0
1011,GEY,1,3,1
1012,FND,1,3,2
1013,AQA,1,3,3
1014,GEC,1,3,4
1015,CME,1,3,0
1016,LAF,1,3,1
1017,GPE,1,3,2
1018,WIR,1,3,3
1019,KYP,1,3,4
1020,KCL,1,3,0
1021,LLA,1,3,1
1022,TCG,1,3,2
1023,ALI,1,3,3
1024,LIV,1,3,4
1025,TMK,1,3,0
1026,MKG,1,3,1
1027,TWY,1,3,2
1028,YSL,1,3,3
1029,MAA,1,3,4
1030,AAS,1,3,0
1031,DIS,1,3,1
1032,LLD,1,3,2
1033,VEE,1,3,3
1034,LLQ,1,3,4
1035,KWE,1,3,0
1036,EKT,1,3,1
1037,KTK,1,3,2
1038,VFK,1,3,3
1039,KID,1,3,4
1040,NKV,1,3,0
1041,MEN,1,3,1
1042,NSA,1,3,2
1043,EPE,1,3,3
1044,PEQ,1,3,4
1045,QCL,1,3,0
1046,EVD,1,3,1
1047,VDD,1,3,2
1048,DEA,1,3,3
1049,DKA,1,3,4
1050,WAF,1,3,0
1051,CTN,1,3,1
1052,CGN,1,3,2
1053,LAN,1,3,3
1054,ERF,1,3,4
1055,MKW,1,3,0
1056,STW,1,3,1
1057,ETW,1,3,2
1058,SVW,1,3,3
1059,CNW,1,3,4
1060,DHW,1,3,0
1061,GQW,1,3,1
1062,MWC,1,3,2
1063,RDY,1,3,3
1064,GSH,1,3,4
1065,ACA,1,3,0
1066,TGC,1,3,1
1067,YPW,1,3,2
1068,LGF,1,3,3
1069,LFV,1,3,4
1070,WLP,1,3,0
1071,ISW,1,3,1
1072,LSW,1,3,2
1073,QAY,1,3,3
1074,YSQ,1,3,4
1075,PHC,1,3,0
1076,YPQ,1,3,1
1077,VVH,1,3,2
1078,LHI,1,3,3
1079,PHG,1,3,4
1080,PHM,1,3,0
1081,PHY,1,3,1
1082,WHH,1,3,2
1083,NHH,1,3,3
1084,YEY,1,3,4
1085,YYF,1,3,0
1086,YYW,1,3,1
1087,YYT,1,3,2
1088,FDRR,1,4,3
1089,LDQW,1,4,4
1090,INYW,1,4,0
1091,EFQL,1,4,1
1092,EFIQ,1,4,2
1093,WIQP,1,4,3
1094,ELIN,1,4,4
1095,GAWA,1,4,0
1096,AWFS,1,4,1
1097,IVPK,1,4,2
1098,LVPK,1,4,3
1099,CSGD,1,4,4
1100,MMGW,1,4,0
1101,QFAW,1,4,1
1102,TSTA,1,4,2
1103,GGRP,1,4,3
1104,FLPE,1,4,4
1105,VVLY,1,4,0
1106,EAVQ,1,4,1
1107,FSEY,1,4,2
1108,MFLG,1,4,3
1109,YGFL,1,4,4
1110,YGLF,1,4,0
1111,PLGG,1,4,1
1112,VKRP,1,4,2
1113,MHIRL,1,5,3
1114,IYLGQ,1,5,4
1115,YDTQA,1,5,0
1116,MDGAP,1,5,1
1117,MGSPT,1,5,2
1118,VKCFR,1,5,3
1119,PYFNK,1,5,4
1120,NRYHE,1,5,0
1121,FVLPH,1,5,1
1122,QTPRY,1,5,2
1123,NGRFY,1,5,3
1124,QWDRQ,1,5,4
1125,SHNPF,1,5,0
1126,REPKW,1,5,1
1127,LHSMK,1,5,2
1128,QFAAD,1,5,3
1129,DNLLN,1,5,4
1130,NKGPR,1,5,0
1131,RGLSK,1,5,1
1132,WLMSA,1,5,2
1133,LSNGK,1,5,3
1134,LKYPI,1,5,4
1135,YASVV,1,5,0
1136,NFWWP,1,5,1
1137,FWKVV,1,5,2
1138,TWKVV,1,5,3
1139,FMPLH,1,5,4
1140,YFLWP,1,5,0
1141,WVWWW,1,5,1
1142,VIAPW,1,5,2
1143,MWKVW,1,5,3
1144,LPILR,1,5,4
1145,VIEPR,1,5,0
1146,YPFVE,1,5,1
1147,YGFLP,1,5,2
1148,QIESW,1,5,3
1149,IPIGP,1,5,4
1150,YPLDL,1,5,0
1151,TSNLLT,1,6,1
1152,LMRWMR,1,6,2
1153,DWMKGQ,1,6,3
1154,WYSLAM,1,6,4
1155,WCTSVS,1,6,0
1156,DHPFLF,1,6,1
1157,TMFPSA,1,6,2
1158,SDWDRF,1,6,3
1159,WVAPLK,1,6,4
1160,LHDELT,1,6,0
1161,QRNNPY,1,6,1
1162,WDTRGQ,1,6,2
1163,VSPHLP,1,6,3
1164,WNMNAH,1,6,4
1165,SDGFQF,1,6,0
1166,TPCPPQ,1,6,1
1167,LLCVAV,1,6,2
1168,YFYPQL,1,6,3
1169,GFGPGL,1,6,4
1170,LTTLDS,1,6,0
1171,MPACGS,1,6,1
1172,FDPFPK,1,6,2
1173,LEDGLK,1,6,3
1174,IDDVLK,1,6,4
1175,MLLFPM,1,6,0
1176,RDKVYR,1,6,1
1177,LTEIIP,1,6,2
1178,YPFVVN,1,6,3
1179,YPLDLF,1,6,4
1180,YLGYLE,1,6,0
1181,NWEKIR,1,6,1
1182,RWWQLR,1,6,2
1183,AIILHQ,1,6,3
1184,DLTDFL,1,6,4
1185,VLLHLK,1,6,0
1186,DKIHPF,1,6,1
1187,VPYPQR,1,6,2
1188,SGYYMH,1,6,3
1189,LGTFQN,1,6,4
1190,LHALLL,1,6,0
1191,CYGPNR,1,6,1
1192,VLPVPEK,1,7,2
1193,SSGFTMQ,1,7,3
1194,FRDEHKK,1,7,4
1195,EAAVYPL,1,7,0
1196,APGAGVY,1,7,1
1197,WIRGCRL,1,7,2
1198,YYQQKPV,1,7,3
1199,LPDEVSG,1,7,4
1200,QFLLAGR,1,7,0
1201,NQNGRFY,1,7,1
1202,GSIFVPH,1,7,2
1203,HHQDPPW,1,7,3
1204,VGGDGDV,1,7,4
1205,IIAPPER,1,7,0
1206,LAPSTIK,1,7,1
1207,AGDDAPR,1,7,2
1208,FKGPACA,1,7,3
1209,SVLGTGC,1,7,4
1210,YPFPGPI,1,7,0
1211,RYLGYLE,1,7,1
1212,IDLGTTY,1,7,2
1213,GEGFFEM,1,7,3
1214,APGIIPR,1,7,4
1215,AEYVRLY,1,7,0
1216,AIILHQQ,1,7,1
1217,HQTSEFK,1,7,2
1218,IILHQQQ,1,7,3
1219,PSIVGRP,1,7,4
1220,KVLPVPE,1,7,0
1221,KVLPVPQ,1,7,1
1222,DAQEFKR,1,7,2
1223,KVLPVPEK,1,8,3
1224,HTVQCMFQ,1,8,4
1225,YPKLAPNE,1,8,0
1226,FVAPFPEV,1,8,1
1227,FALPQYLK,1,8,2
1228,GMPGFDVR,1,8,3
1229,YSNQNGRF,1,8,4
1230,PQGPIGVP,1,8,0
1231,SRGLPGME,1,8,1
1232,PAGLPGPA,1,8,2
1233,VAPEEHPV,1,8,3
1234,NYVADGLG,1,8,4
1235,LQAEQDDR,1,8,0
1236,FAPVPFDF,1,8,1
1237,YPFPGPIP,1,8,2
1238,YPFPGPIN,1,8,3
1239,IGFLIIWV,1,8,4
1240,AGWACLVG,1,8,0
1241,AIILHQQQ,1,8,1
1242,GTFLQPHQ,1,8,2
1243,LTADILPR,1,8,3
1244,VAITLTMK,1,8,4
1245,VLPPQQQY,1,8,0
1246,VPPSKLSP,1,8,1
1247,VSKSVLVK,1,8,2
1248,DNIPIVIR,1,8,3
1249,EALEAMFL,1,8,4
1250,ITFAAYRR,1,8,0
1251,HPVPPKKK,1,8,1
1252,GEPGPPGAP,1,9,2
1253,LARNATPPR,1,9,3
1254,LADGVAAPA,1,9,4
1255,LSKAQSDFG,1,9,0
1256,VLSPPFTGE,1,9,1
1257,WIHNENQGF,1,9,2
1258,QGLQGLPGT,1,9,3
1259,KGPPGEIGR,1,9,4
1260,AAAPVAVAK,1,9,0
1261,YDDGSYKPH,1,9,1
1262,AIGVGAIER,1,9,2
1263,YLAGNQEQE,1,9,3
1264,VVPPFLQPE,1,9,4
1265,PFPEVFGKE,1,9,0
1266,SDPPLVFVG,1,9,1
1267,NLNQCQRYM,1,9,2
1268,WVSPLAGRT,1,9,3
1269,NAVPITPTL,1,9,4
1270,MYGAVTPVK,1,9,0
1271,AFDEGPWPK,1,9,1
1272,AGLQFPVGR,1,9,2
1273,AMPVEVVQF,1,9,3
1274,ENLQNYRLL,1,9,4
1275,ESTAKQVIR,1,9,0
1276,ESTLHLVLR,1,9,1
1277,QTVAVGVIK,1,9,2
1278,VMTVHNTPY,1,9,3
1279,VIESPPEIN,1,9,4
1280,ELQDKIHPF,1,9,0
1281,YVAQGEGVVA,1,10,1
1282,DVCGRDVNGY,1,10,2
1283,MYVVELMMSF,1,10,3
1284,AWEEREQGSR,1,10,4
1285,RVQVVNNNGK,1,10,0
1286,RQSHFANAQP,1,10,1
1287,APGPAGARGN,1,10,2
1288,QGPPGPAGPA,1,10,3
1289,FIARNFLLGW,1,10,4
1290,DEQIPSHPPR,1,10,0
1291,AGFAGDDAPR,1,10,1
1292,GLLGKNFTSK,1,10,2
1293,TSLDLPVLRW,1,10,3
1294,TSVEIITSSK,1,10,4
1295,TTAGILLPEK,1,10,0
1296,VETGVIKPGM,1,10,1
1297,VVVNIPPTLK,1,10,2
1298,YGVSGYPTLK,1,10,3
1299,VFGKEKVNEL,1,10,4
1300,VLNPWDQVKR,1,10,0
1301,PAGSAAGAAP,1,10,1
1302,LCPVHRAADL,1,10,2
1303,QTFQYSRGWTN,1,11,3
1304,LVTGDDKTNLK,1,11,4
1305,MPVDVIANAYR,1,11,0
1306,HNLDTQTESDV,1,11,1
1307,SCQDQPTTLAR,1,11,2
1308,YIQKEDVPSER,1,11,3
1309,IGINAENNQRN,1,11,4
1310,EDELQDKIHPF,1,11,0
1311,AVFPSIVGRPR,1,11,1
1312,GGVLPNINPVL,1,11,2
1313,GPIYSNEFGKF,1,11,3
1314,GTIAGGGVIPH,1,11,4
1315,IGGIGTVPVGR,1,11,0
1316,LAQGTFLQPHQ,1,11,1
1317,TKMDEGVVTKK,1,11,2
1318,VLVSGSIHYPR,1,11,3
1319,MPFPKYPVQPF,1,11,4
1320,NAGPFTPTVNR,1,11,0
1321,PAEMVAAALDR,1,11,1
1322,KVALMSAGSMH,1,11,2
1323,GTPGLQGMPGER,1,12,3
1324,GPAGPTGARGAP,1,12,4
1325,FVDAQPQQKEEG,1,12,0
1326,VIESPPEINTVQ,1,12,1
1327,FLKKISQRYQKF,1,12,2
1328,HLQDFGSEILPR,1,12,3
1329,QDAHVPDNFIPK,1,12,4
1330,AAPFPGQKSLQR,1,12,0
1331,TVTSLDLPVLRW,1,12,1
1332,YFPTQALNFAFK,1,12,2
1333,SLVYPFPGPIPN,1,12,3
1334,PVLGPVRGPFPI,1,12,4
1335,GNQEKVLELVQR,1,12,0
1336,NADFGLNGLEGLA,1,13,1
1337,GTVFEKKALPGPM,1,13,2
1338,LRENNKLMLLELK,1,13,3
1339,TIDMESTEVFTKK,1,13,4
1340,QETTGVEGPKGDT,1,13,0
1341,GSPGADGPIGAPG,1,13,1
1342,ASGLCPEEAVPRR,1,13,2
1343,MRKPQQEEDDDDE,1,13,3
1344,QNWDFCEAWEPCF,1,13,4
1345,IKGTIAGGGVIPH,1,13,0
1346,QQPVLGPVRGPFP,1,13,1
1347,MAPKHEMPFPKYP,1,13,2
1348,GPRGLPGERGRPGA,1,14,3
1349,GKHQQEEENEGGSI,1,14,4
1350,NALEPDHRVESEGG,1,14,0
1351,HEQKEEHEWHRKEE,1,14,1
1352,QGPIVLNPWDQVKR,1,14,2
1353,ALPQYLKTVYQHQK,1,14,3
1354,IQPKTKVIPYVRYL,1,14,4
1355,DLGSTGGRGPSAGM,1,14,0
1356,FLPFFAACAITRKC,1,14,1
1357,NSSYFVEWIPNNVK,1,14,2
1358,HKEMPFPKYPVQPF,1,14,3
1359,QEPVLGPVRGPFPI,1,14,4
1360,IPNPIGSENSGKIT,1,14,0
1361,MAPAAVAAAEAGSK,1,14,1
1362,VLPVPQKKVLPVPQK,1,15,2
1363,NTVPAKSCQAQPTTM,1,15,3
1364,FLTGLIGGLMKALGK,1,15,4
1365,VLSLSQSKVLPVPQK,1,15,0
1366,APFPEVFGKEKVNEL,1,15,1
1367,SKVLPVPQKAVPYPQ,1,15,2
1368,GPAGSPGFQGLPGPAG,1,16,3
1369,PGAEGAPGRDGAAGPK,1,16,4
1370,PGEKGSPGADGPIGAP,1,16,0
1371,RFIYMKGFGKPRFGKR,1,16,1
1372,FLPVLGKVIKLVGGLL,1,16,2
1373,EGGDGGYGGGGGGSRW,1,16,3
1374,QQPVLGPVRGPFPIIV,1,16,4
1375,AAGAAAAARSAGQCGR,1,16,0
1376,HKEMQAIFDVYIMFIN,1,16,1
1377,AKYIPIQYVLSRYPSY,1,16,2
1378,APSFSDIPNPIGSENSE,1,17,3
1379,SQSKVLPVPQKAVPYPQ,1,17,4
1380,EGGGGGYGGGGGGYGGR,1,17,0
1381,GPSSSPDIYNPEAGRIK,1,17,1
1382,TVVPPKGGSFYPGETTP,1,17,2
1383,HKEMPFPKYPVEPFTESQ,1,18,3
1384,IWCKDDQNPHSSNISCDKF,1,19,4
1385,GGGGYGGGGGGYGGGGGGY,1,19,0
1386,HQPPQPLPPTVMFPPQSVL,1,19,1
1387,AYLQAQQLLPFNQLVRSPAA,1,20,2
1388,GWANTLKNVAGGLCKITGAA,1,20,3
1389,GAPKGCWTKSYPPQPCFGKK,1,20,4
1390,TVVPPKGGSFYPGETTPLQQ,1,20,0
1391,NIPPLTQTPVVVPFLQPEVM,1,20,1
1392,THL,0,3,0
1393,KGA,0,3,1
1394,DAQ,0,3,2
1395,LACQE,0,5,3
1396,IIKLYIST,0,8,4
1397,LEG,0,3,0
1398,KNRATLSPDDQLLFLNP,0,17,1
1399,LQD,0,3,2
1400,VYV,0,3,3
1401,AC,0,2,4
1402,VRSDF,0,5,0
1403,PEKNTY,0,6,1
1404,SVLGD,0,5,2
1405,ESARGDQF,0,8,3
1406,SRQDRGLE,0,8,4
1407,AIALAAAKL,0,9,0
1408,TCG,0,3,1
1409,MEKI,0,4,2
1410,IM,0,2,3
1411,AFA,0,3,4
1412,CGA,0,3,0
1413,KAL,0,3,1
1414,DPAQPNYPWTAVLVFRH,0,17,2
1415,YSL,0,3,3
1416,FQTLF,0,5,4
1417,WTDVAKDASSL,0,11,0
1418,QDIATAPEDKLGAASVSKHIALLRI,0,25,1
1419,IQVPL,0,5,2
1420,TWY,0,3,3
1421,YRYTK,0,5,4
1422,RETSSFLD,0,8,0
1423,ARTQ,0,4,1
1424,LGGTQSGSDT,0,10,2
1425,GTLIGSKDVVF,0,11,3
1426,FESFFL,0,6,4
1427,KAG,0,3,0
1428,PDLVF,0,5,1
1429,RSADERENPT,0,10,2
1430,LNPREA,0,6,3
1431,PAV,0,3,4
1432,TFNKPFLSY,0,9,0
1433,WNLNAN,0,6,1
1434,MAA,0,3,2
1435,QNVF,0,4,3
1436,VD,0,2,4
1437,SIH,0,3,0
1438,QSLIT,0,5,1
1439,SLDI,0,4,2
1440,DRMVKGL,0,7,3
1441,LCSLGGAK,0,8,4
1442,ALHLIA,0,6,0
1443,EDVQ,0,4,1
1444,ASEED,0,5,2
1445,ETL,0,3,3
1446,KAAI,0,4,4
1447,PGA,0,3,0
1448,AVRGLL,0,6,1
1449,RKQPVNTASFQPLKAGKC,0,18,2
1450,GGGRW,0,5,3
1451,GRMCRQY,0,7,4
1452,LAGVWHD,0,7,0
1453,LVLTLPPRFG,0,10,1
1454,GES,0,3,2
1455,KVE,0,3,3
1456,CVIV,0,4,4
1457,NTVEKIEIRKNIPFDGAK,0,18,0
1458,RVLE,0,4,1
1459,IAE,0,3,2
1460,LLD,0,3,3
1461,RHII,0,4,4
1462,TNQ,0,3,0
1463,TMFPSA,0,6,1
1464,PTQ,0,3,2
1465,KIP,0,3,3
1466,AKNLK,0,5,4
1467,GDRFQDQHQ,0,9,0
1468,DGYFD,0,5,1
1469,YGIKVGYAIP,0,10,2
1470,VMTSFSCDC,0,9,3
1471,FHR,0,3,4
1472,SLDFPALW,0,8,0
1473,FDK,0,3,1
1474,SAE,0,3,2
1475,LGFL,0,4,3
1476,VKLSVSELVV,0,10,4
1477,FDPVQI,0,6,0
1478,QQNMLA,0,6,1
1479,LKQT,0,4,2
1480,KDERMSRT,0,8,3
1481,VPYRIAP,0,7,4
1482,SSL,0,3,0
1483,EGK,0,3,1
1484,LDT,0,3,2
1485,MKC,0,3,3
1486,EGQSEMGKNS,0,10,4
1487,GDLP,0,4,0
1488,PWK,0,3,1
1489,CTWHYVP,0,7,2
1490,FSL,0,3,3
1491,VI,0,2,4
1492,INATALAVP,0,9,0
1493,RPLRSYA,0,7,1
1494,KKI,0,3,2
1495,GAL,0,3,3
1496,LDFRSAAMAL,0,10,4
1497,RWM,0,3,0
1498,DDGKNWGG,0,8,1
1499,VEE,0,3,2
1500,KWE,0,3,3
1501,SA,0,2,4
1502,ELIEFQFLAE,0,10,0
1503,EVD,0,3,1
1504,LN,0,2,2
1505,FE,0,2,3
1506,KLHHG,0,5,4
1507,CI,0,2,0
1508,FAS,0,3,1
1509,FHRAVQECTV,0,10,2
1510,GAFRLWD,0,7,3
1511,MKRRPA,0,6,4
1512,GFSF,0,4,0
1513,DPIG,0,4,1
1514,PLD,0,3,2
1515,NKTPW,0,5,3
1516,KKS,0,3,4
1517,GRIPGDKGGIFT,0,12,0
1518,WAF,0,3,1
1519,PRMGSVFNSA,0,10,2
1520,IYR,0,3,3
1521,GLY,0,3,4
1522,IDTQGK,0,6,0
1523,LRKIGVQYRG,0,10,1
1524,TILNAGR,0,7,2
1525,EEQ,0,3,3
1526,SEIITTEME,0,9,4
1527,LNE,0,3,0
1528,LLVELVLGVVMGCQ,0,14,1
1529,TFWT,0,4,2
1530,SVPQPK,0,6,3
1531,SVVTLR,0,6,4
1532,ASRGAEVTDLRDE,0,13,0
1533,KCAQL,0,5,1
1534,HNQRKRGS,0,8,2
1535,EACHK,0,5,3
1536,LDI,0,3,4
1537,KAA,0,3,0
1538,VIRP,0,4,1
1539,QLE,0,3,2
1540,NST,0,3,3
1541,FQ,0,2,4
1542,RQQ,0,3,0
1543,GHG,0,3,1
1544,LYQADCRV,0,8,2
1545,ATDVNIC,0,7,3
1546,WKELTW,0,6,4
1547,LLSN,0,4,0
1548,GAPK,0,4,1
1549,HQEIRL,0,6,2
1550,RGITK,0,5,3
1551,GAA,0,3,4
1552,PEG,0,3,0
1553,NGE,0,3,1
1554,AQS,0,3,2
1555,TKI,0,3,3
1556,DTD,0,3,4
1557,KGL,0,3,0
1558,AE,0,2,1
1559,AQELAVK,0,7,2
1560,KTK,0,3,3
1561,DEA,0,3,4
1562,DF,0,2,0
1563,RVY,0,3,1
1564,SFLYARVNEPLMLIS,0,15,2
1565,ISL,0,3,3
1566,RDILNQ,0,6,4
1567,YLSRIMLTLE,0,10,0
1568,DSSVKG,0,6,1
1569,ELE,0,3,2
1570,TQL,0,3,3
1571,SIKGR,0,5,4
1572,ENK,0,3,0
1573,MQDI,0,4,1
1574,APGAPGPVG,0,9,2
1575,MVNGTS,0,6,3
1576,KVEHDL,0,6,4
1577,KFNRPETT,0,8,0
1578,SVDSQTAF,0,8,1
1579,VQKD,0,4,2
1580,AGHEGFSS,0,8,3
1581,KDE,0,3,4
1582,LPVVYYES,0,8,0
1583,LEK,0,3,1
1584,LDTTLIESSVGTCYR,0,15,2
1585,QSHEAFVMAESNTAF,0,15,3
1586,KGK,0,3,4
1587,PAHHAEMI,0,8,0
1588,SGL,0,3,1
1589,IEL,0,3,2
1590,LLL,0,3,3
1591,ELTDK,0,5,4
1592,TGCI,0,4,0
1593,LNHDEDNVSYLYKLNA,0,16,1
1594,DALK,0,4,2
1595,WIHNENQGF,0,9,3
1596,VHR,0,3,4
1597,RLS,0,3,0
1598,KDVNA,0,5,1
1599,GDL,0,3,2
1600,ALA,0,3,3
1601,ETS,0,3,4
1602,RWS,0,3,0
1603,FNP,0,3,1
1604,YADTAG,0,6,2
1605,VPRDEAP,0,7,3
1606,AVNVDDPSK,0,9,4
1607,VTL,0,3,0
1608,DAHK,0,4,1
1609,YKQ,0,3,2
1610,LQAEQDDR,0,8,3
1611,DKHMRLLG,0,8,4
1612,LFD,0,3,0
1613,KSIGE,0,5,1
1614,SDI,0,3,2
1615,ETIL,0,4,3
1616,SIEDPREMADLVRDALVIIVS,0,21,4
1617,QPKRKKIESQGVH,0,13,0
1618,YVE,0,3,1
1619,HTVLK,0,5,2
1620,RLV,0,3,3
1621,LEI,0,3,4
1622,KRAGAA,0,6,0
1623,EGD,0,3,1
1624,MDYDH,0,5,2
1625,KVA,0,3,3
1626,GFFQ,0,4,4
1627,LLAGKPSYLPAL,0,12,0
1628,ALE,0,3,1
1629,EIE,0,3,2
1630,YGDQR,0,5,3
1631,DDE,0,3,4
1632,GFVG,0,4,0
1633,SIV,0,3,1
1634,ARHDRPR,0,7,2
1635,FDGA,0,4,3
1636,EHNY,0,4,4
1637,YDLEMI,0,6,0
1638,LEWVFSLIIDR,0,11,1
1639,DYHPGTE,0,7,2
1640,MPVHTDAD,0,8,3
1641,VQI,0,3,4
1642,IMNKRAV,0,7,0
1643,RLKKE,0,5,1
1644,PLCSDS,0,6,2
1645,TKTGAFN,0,7,3
1646,CMF,0,3,4
1647,KH,0,2,0
1648,YKK,0,3,1
1649,KCL,0,3,2
1650,VSA,0,3,3
1651,DSD,0,3,4
1652,IKTTLGRDG,0,9,0
1653,VGIER,0,5,1
1654,FR,0,2,2
1655,GGIMEQDTIS,0,10,3
1656,PKLGT,0,5,4
1657,PEVVK,0,5,0
1658,IPVDSRPLTTL,0,11,1
1659,LWL,0,3,2
1660,DQEGN,0,5,3
1661,GKA,0,3,4
1662,RFLK,0,4,0
1663,LDA,0,3,1
1664,VLVES,0,5,2
1665,KMGNPNVTDVSYEVYGP,0,17,3
1666,ALP,0,3,4
1667,NPT,0,3,0
1668,AIA,0,3,1
1669,KLSDAKTDQL,0,10,2
1670,FFD,0,3,3
1671,LFRECG,0,6,4
1672,VALGVPHH,0,8,0
1673,PTFFVV,0,6,1
1674,SDQEGPVPERKG,0,12,2
1675,FLFRLDTR,0,8,3
1676,DLEWTQ,0,6,4
1677,PLAPQA,0,6,0
1678,TVFALRRG,0,8,1
1679,GDFQADGLRVKASVFR,0,16,2
1680,ALKFA,0,5,3
1681,QSL,0,3,4
1682,KP,0,2,0
1683,LLF,0,3,1
1684,YNLDNFLA,0,8,2
1685,RLL,0,3,3
1686,GIAPSG,0,6,4
1687,GLD,0,3,0
1688,PEPGFVDPPRSMEVLRK,0,17,1
1689,SRYN,0,4,2
1690,NEEM,0,4,3
1691,VRK,0,3,4
1692,EPTTGGLDIRG,0,11,0
1693,DTPRF,0,5,1
1694,MEN,0,3,2
1695,SAP,0,3,3
1696,DSWLNLG,0,7,4
1697,PRR,0,3,0
1698,LRQSLLRTMP,0,10,1
1699,LYI,0,3,2
1700,KGV,0,3,3
1701,AGPC,0,4,4
1702,EEVNSPNIEGEPILILAAKGELLFC,0,25,0
1703,VRVQD,0,5,1
1704,RNKA,0,4,2
1705,LFRHGTYRRTFLPGGEEETED,0,21,3
1706,DIQ,0,3,4
1707,LIRVTNTKLLINVGSSEKEDLPRIED,0,26,0
1708,ENS,0,3,1
1709,EPFAILM,0,7,2
1710,LPDEVSG,0,7,3
1711,KAFT,0,4,4
1712,DDD,0,3,0
1713,GRSW,0,4,1
1714,QTM,0,3,2
1715,DLE,0,3,3
1716,YDKGQ,0,5,4
1717,LAL,0,3,0
1718,RTP,0,3,1
1719,QGMLELYLNNSG,0,12,2
1720,PTP,0,3,3
1721,SPEAPQKECFY,0,11,4
1722,MA,0,2,0
1723,LAGKPQQEHSGEHQ,0,14,1
1724,NIAQ,0,4,2
1725,FFRSKLLSDGAAAKGALLPQYW,0,22,3
1726,HDT,0,3,4
1727,VRDQGIMERTGAD,0,13,0
1728,DRE,0,3,1
1729,YWRLTTKKP,0,9,2
1730,AQK,0,3,3
1731,VNFF,0,4,4
1732,YKTAELIPNR,0,10,0
1733,SELMVSEPI,0,9,1
1734,EMLIRIL,0,7,2
1735,SLT,0,3,3
1736,MKG,0,3,4
1737,FPAHST,0,6,0
1738,DLD,0,3,1
1739,RKTELYRFGVLAVGASS,0,17,2
1740,LLA,0,3,3
1741,TMK,0,3,4
1742,NNEYKT,0,6,0
1743,KPLSYEH,0,7,1
1744,ILILHIQLQVP,0,11,2
1745,NTS,0,3,3
1746,VGS,0,3,4
1747,FLVNDCI,0,7,0
1748,KAAGPTE,0,7,1
1749,AEK,0,3,2
1750,DHHQ,0,4,3
1751,SDDE,0,4,4
1752,FMGHIASRT,0,9,0
1753,FDGSGYRFCAPDKYAVQQYKE,0,21,1
1754,LG,0,2,2
1755,LAGLD,0,5,3
1756,IIA,0,3,4
1757,PEV,0,3,0
1758,FCM,0,3,1
1759,GFSSMG,0,6,2
1760,VDSNI,0,5,3
1761,LPWRPATNVF,0,10,4
1762,LLFS,0,4,0
1763,KHNHRD,0,6,1
1764,IK,0,2,2
1765,LCDILY,0,6,3
1766,KPADLMSPVI,0,10,4
1767,YNQAEMGTG,0,9,0
1768,QKV,0,3,1
1769,YDT,0,3,2
1770,TF,0,2,3
1771,IRLCGGNKSL,0,10,4
1772,IDA,0,3,0
1773,LAM,0,3,1
1774,RADPNFT,0,7,2
1775,SFN,0,3,3
1776,PLAQPA,0,6,4
1777,CT,0,2,0
1778,DAL,0,3,1
1779,EIL,0,3,2
1780,PGLPKK,0,6,3
1781,LK,0,2,4
1782,HLPLP,0,5,0
1783,LKP,0,3,1
1784,FAINVWGRAT,0,10,2
1785,SDNRNQGY,0,8,3
1786,TGQSSN,0,6,4
1787,GHTV,0,4,0
1788,IPA,0,3,1
1789,VVQ,0,3,2
1790,WQDEKVNPAFAA,0,12,3
1791,AAV,0,3,4
1792,YVEGM,0,5,0
1793,AQSD,0,4,1
1794,NEAGNIPTIGWQNL,0,14,2
1795,YTIMGQFSPLAKML,0,14,3
1796,ELK,0,3,4
1797,VPPLYPN,0,7,0
1798,KQS,0,3,1
1799,VPVQA,0,5,2
1800,LIV,0,3,3
1801,HVIKPPSRA,0,9,4
1802,KRKQ,0,4,0
1803,TTLVGS,0,6,1
1804,LVR,0,3,2
1805,LIRIRIGT,0,8,3
1806,ALK,0,3,4
1807,GDHYK,0,5,0
1808,ESIINF,0,6,1
1809,IVT,0,3,2
1810,KIRVGKVFQILHSF,0,14,3
1811,PRNRY,0,5,4
1812,DRQKT,0,5,0
1813,RYASKVQLLLYDNVRVSTPANIQAWVMDQT,0,30,1
1814,HILGILSVLRDVNLLW,0,16,2
1815,ACMVNKDG,0,8,3
1816,SCH,0,3,4
1817,GQGLTLAVAIAAYFKMKIFGTL,0,22,0
1818,KLLVVYQNV,0,9,1
1819,GFCLF,0,5,2
1820,EELNEFKTYKIKVIK,0,15,3
1821,SSQFELRFVN,0,10,4
1822,LSKAQSDFG,0,9,0
1823,IAQ,0,3,1
1824,ATN,0,3,2
1825,NALIAR,0,6,3
1826,YTEYFVGV,0,8,4
1827,ISSRVDVRTA,0,10,0
1828,HIR,0,3,1
1829,VPGLS,0,5,2
1830,EQS,0,3,3
1831,VEKNNSF,0,7,4
1832,GVFCKAY,0,7,0
1833,NFD,0,3,1
1834,TQT,0,3,2
1835,ENLYKLMREQKF,0,12,3
1836,PWM,0,3,4
1837,ER,0,2,0
1838,KRLANHKK,0,8,1
1839,SHSKAWVFAA,0,10,2
1840,LSF,0,3,3
1841,LTVNVNILGKAK,0,12,4
1842,YPSPV,0,5,0
1843,KLLQQ,0,5,1
1844,VDV,0,3,2
1845,YTQL,0,4,3
1846,RMSPSG,0,6,4
1847,EKGA,0,4,0
1848,KMHFPQPQHL,0,10,1
1849,NGIL,0,4,2
1850,GIAEETELDLISKA,0,14,3
1851,TQSDLWFS,0,8,4
1852,AARIRLS,0,7,0
1853,EYSIV,0,5,1
1854,IWRAREA,0,7,2
1855,LDQ,0,3,3
1856,GFAEVLYEPVILIHIWLSVNVN,0,22,4
1857,VLLPDEVSGL,0,10,0
1858,YAASKYREQ,0,9,1
1859,RWD,0,3,2
1860,DRKPAI,0,6,3
1861,EGPAS,0,5,4
1862,ERR,0,3,0
1863,AGSKSTCRATAIPEPGSVEYLRE,0,23,1
1864,RDA,0,3,2
1865,EVF,0,3,3
1866,LAFK,0,4,4
1867,LVEKGDVAFI,0,10,0
1868,QCIRITRLII,0,10,1
1869,DHHQVYSPGEQ,0,11,2
1870,ENG,0,3,3
1871,SQGL,0,4,4
1872,PRLRR,0,5,0
1873,AGLVVHLVGIKEALN,0,15,1
1874,HEEQS,0,5,2
1875,RVSDRGP,0,7,3
1876,RG,0,2,4
1877,RWF,0,3,0
1878,VAG,0,3,1
1879,YDPAKV,0,6,2
1880,WNN,0,3,3
1881,IRVRLEPFWLR,0,11,4
1882,SRIRIFHW,0,8,0
1883,LLIQ,0,4,1
1884,QPSSVDSQTAM,0,11,2
1885,RLSS,0,4,3
1886,VQVTSTAV,0,8,4
1887,DIS,0,3,0
1888,LNT,0,3,1
1889,DLIN,0,4,2
1890,EVPKA,0,5,3
1891,VNSEEKIYLG,0,10,4
1892,MVKAA,0,5,0
1893,KVL,0,3,1
1894,RWV,0,3,2
1895,NKVGCP,0,6,3
1896,AQA,0,3,4
1897,ESE,0,3,0
1898,ALDSDQYY,0,8,1
1899,PEAKIQL,0,7,2
1900,EHVNNDI,0,7,3
1901,PEQ,0,3,4
1902,LNGP,0,4,0
1903,AMSRDIQLEDI,0,11,1
1904,AFGSK,0,5,2
1905,LLQ,0,3,3
1906,LF,0,2,4
1907,NKV,0,3,0
1908,EAL,0,3,1
1909,AILY,0,4,2
1910,QAN,0,3,3
1911,SQIG,0,4,4
1912,RWK,0,3,0
1913,AWFS,0,4,1
1914,CIE,0,3,2
1915,EEL,0,3,3
1916,ALI,0,3,4
1917,VLV,0,3,0
1918,KWQ,0,3,1
1919,DIP,0,3,2
1920,LQG,0,3,3
1921,EKF,0,3,4
1922,ADY,0,3,0
1923,PCAAL,0,5,1
1924,LTTESK,0,6,2
1925,VVHNPPILF,0,9,3
1926,EIPT,0,4,4
1927,YPFAKGQLSQ,0,10,0
1928,KEGVPGINA,0,9,1
1929,SGRDRLCK,0,8,2
1930,VDD,0,3,3
1931,ALN,0,3,4
1932,SP,0,2,0
1933,PLR,0,3,1
1934,RPE,0,3,2
1935,LFAKQLPEIN,0,10,3
1936,RSVNYGLQD,0,9,4
1937,YPKLAPNE,0,8,0
1938,NVATNPPC,0,8,1
1939,TPE,0,3,2
1940,SLA,0,3,3
1941,SDIGV,0,5,4
1942,KIRDGVHAMTY,0,11,0
1943,LLYCYRAELLEKASQNA,0,17,1
1944,MLEDVEEP,0,8,2
1945,AVF,0,3,3
1946,KDLVLI,0,6,4
1947,VFK,0,3,0
1948,LPGHS,0,5,1
1949,FSDKIAK,0,7,2
1950,QEV,0,3,3
1951,ASLLPPY,0,7,4
1952,PGHQKPPEG,0,9,0
1953,NLGESFRARE,0,10,1
1954,VTQ,0,3,2
1955,QAWVMDQTFVVPKDDWVIG,0,19,3
1956,EPP,0,3,4
1957,AGT,0,3,0
1958,IHEP,0,4,1
1959,EPE,0,3,2
1960,DMDAANTAGEKNPNTQ,0,16,3
1961,KVPDKMK,0,7,4
1962,ELI,0,3,0
1963,NILAQANYTNG,0,11,1
1964,LVL,0,3,2
1965,EKT,0,3,3
1966,MR,0,2,4
1967,KIPL,0,4,0
1968,DALE,0,4,1
1969,YCGAS,0,5,2
1970,NVS,0,3,3
1971,ERERAGKKKDITLA,0,14,4
1972,RPVVVRKEA,0,9,0
1973,YLVC,0,4,1
1974,HVTTS,0,5,2
1975,KCVINGPFWKDHF,0,13,3
1976,MRRHEITFKN,0,10,4
1977,HMENGKN,0,7,0
1978,ISIYC,0,5,1
1979,AHGMFNPHMWKCCM,0,14,2
1980,HCG,0,3,3
1981,GIDHDWFW,0,8,4
1982,WRKSCRNYLIYVMRC,0,15,0
1983,FWA,0,3,1
1984,CFECD,0,5,2
1985,TTKSYRFWAFKEST,0,14,3
1986,MKLNKVFWSA,0,10,4
1987,NFEVYDMDITT,0,11,0
1988,NNG,0,3,1
1989,NVHRRTVFKVMTRGHLVM,0,18,2
1990,KTKWC,0,5,3
1991,THSCK,0,5,4
1992,HFWKN,0,5,0
1993,DMLH,0,4,1
1994,DTKWW,0,5,2
1995,QCW,0,3,3
1996,HICFGKERLEP,0,11,4
1997,ECKDP,0,5,0
1998,CFYMIIP,0,7,1
1999,NIE,0,3,2
2000,SKQS,0,4,3
2001,HLRNMI,0,6,4
2002,TI,0,2,0
2003,DMY,0,3,1
2004,CCS,0,3,2
2005,CQA,0,3,3
2006,MKQ,0,3,4
2007,MHVMDYPR,0,8,0
2008,HSSVKEMD,0,8,1
2009,YEWWCTDAIAAQ,0,12,2
2010,INTDAHHMADIKE,0,13,3
2011,CADFAYDNWI,0,10,4
2012,MMD,0,3,0
2013,DWTD,0,4,1
2014,CCG,0,3,2
2015,CDRVE,0,5,3
2016,ICDWFHKHNFL,0,11,4
2017,MWWVRLH,0,7,0
2018,MSM,0,3,1
2019,RVYC,0,4,2
2020,EKS,0,3,3
2021,LNKNWFVSCPR,0,11,4
2022,EMDNEKQ,0,7,0
2023,CRI,0,3,1
2024,TVI,0,3,2
2025,KERG,0,4,3
2026,DTHFIKA,0,7,4
2027,YMRV,0,4,0
2028,CRLT,0,4,1
2029,CVEPCH,0,6,2
2030,MAE,0,3,3
2031,MSMMV,0,5,4
2032,HWQ,0,3,0
2033,KNIDFNSDCLDGE,0,13,1
2034,MNFCRLFQAG,0,10,2
2035,EW,0,2,3
2036,YQNNKTIHGIS,0,11,4
2037,RQYWDIQGSFLMGW,0,14,0
2038,FDKSWWIC,0,8,1
2039,QNHAFHKHVRT,0,11,2
2040,FIV,0,3,3
2041,NQS,0,3,4
2042,QCV,0,3,0
2043,MLK,0,3,1
2044,MLN,0,3,2
2045,QTT,0,3,3
2046,TFNDINRK,0,8,4
2047,MC,0,2,0
2048,CWSWFQAR,0,8,1
2049,CCYLAFDYQTVGM,0,13,2
2050,MDQPIMPS,0,8,3
2051,DMYC,0,4,4
2052,PYVRVTYIDCMVLR,0,14,0
2053,CIKTQ,0,5,1
2054,CSCSRLRL,0,8,2
2055,MFV,0,3,3
2056,YHDFAWVQCIF,0,11,4
2057,CEH,0,3,0
2058,KQDNQ,0,5,1
2059,SCR,0,3,2
2060,GKHFCEARQMQQ,0,12,3
2061,TKTVCSMKCGE,0,11,4
2062,SWF,0,3,0
2063,TCD,0,3,1
2064,MAY,0,3,2
2065,HACREGDDSH,0,10,3
2066,IFI,0,3,4
2067,NWM,0,3,0
2068,RQWWEET,0,7,1
2069,QCNCVVNTHSMAL,0,13,2
2070,CPCW,0,4,3
2071,IVGTFCVMLRATGP,0,14,4
2072,FVTGCYNEMA,0,10,0
2073,MMDNKYIWVTAMF,0,13,1
2074,HCECSYWATC,0,10,2
2075,CEV,0,3,3
2076,MHEWSL,0,6,4
2077,KRCMYFFGT,0,9,0
2078,CYH,0,3,1
2079,VQWKACYE,0,8,2
2080,QS,0,2,3
2081,KGM,0,3,4
2082,RNI,0,3,0
2083,ESRCLFGFCKHHLNI,0,15,1
2084,IKDF,0,4,2
2085,IMSLAFCE,0,8,3
2086,CRP,0,3,4
2087,QWK,0,3,0
2088,QRNCCF,0,6,1
2089,IWHENT,0,6,2
2090,KMF,0,3,3
2091,QMHYQ,0,5,4
2092,GTHIWQKKFTNY,0,12,0
2093,CLRKN,0,5,1
2094,MYS,0,3,2
2095,DT,0,2,3
2096,RTVTM,0,5,4
2097,IMM,0,3,0
2098,RQVMDEPMTNMS,0,12,1
2099,EMYWFEDEPKNDD,0,13,2
2100,DGM,0,3,3
2101,WWCCTNYYYKQVQ,0,13,4
2102,NWL,0,3,0
2103,QVWDMCVPAPM,0,11,1
2104,QIS,0,3,2
2105,QGNIQKFGTFMRRD,0,14,3
2106,LQRMCNLEFFHNQWDR,0,16,4
2107,HEQRSNSFHF,0,10,0
2108,DML,0,3,1
2109,KYM,0,3,2
2110,DNTKFWDMVHITT,0,13,3
2111,HCC,0,3,4
2112,WRV,0,3,0
2113,YSMDW,0,5,1
2114,RRQ,0,3,2
2115,CCPAC,0,5,3
2116,TTW,0,3,4
2117,MECYASNDH,0,9,0
2118,NFE,0,3,1
2119,NYEDTDNRMVI,0,11,2
2120,WVN,0,3,3
2121,TYM,0,3,4
2122,DIWDCVLWTPIRP,0,13,0
2123,NSKF,0,4,1
2124,FFSYIMV,0,7,2
2125,YCNAKKQ,0,7,3
2126,ERYCEIH,0,7,4
2127,MLTLNRWGHN,0,10,0
2128,TDHVNC,0,6,1
2129,WQDHATLAH,0,9,2
2130,MIL,0,3,3
2131,RQCHP,0,5,4
2132,HHMCVM,0,6,0
2133,HHVHQWQ,0,7,1
2134,VKTCTVWSCGVWH,0,13,2
2135,FSCQM,0,5,3
2136,RMW,0,3,4
2137,RVNKM,0,5,0
2138,SEM,0,3,1
2139,MWNLQL,0,6,2
2140,YQSGCKECKQ,0,10,3
2141,TRN,0,3,4
2142,CL,0,2,0
2143,THEISMCAVVWW,0,12,1
2144,MSK,0,3,2
2145,MTE,0,3,3
2146,FCTNKSV,0,7,4
2147,FWVI,0,4,0
2148,RRKEE,0,5,1
2149,ISMECYN,0,7,2
2150,NECAFDTKE,0,9,3
2151,NFKIHR,0,6,4
2152,IWC,0,3,0
2153,CWNQLNVF,0,8,1
2154,WCIRHAEC,0,8,2
2155,HHNMGWMLYDRNMR,0,14,3
2156,WKC,0,3,4
2157,QFN,0,3,0
2158,FDMSMQQLDI,0,10,1
2159,QHCWGQMKPCGV,0,12,2
2160,RCTFGCRINTILVETH,0,16,3
2161,MTYS,0,4,4
2162,MPN,0,3,0
2163,IQMA,0,4,1
2164,IQM,0,3,2
2165,NIIW,0,4,3
2166,CPW,0,3,4
2167,HMRLMIMF,0,8,0
2168,CWMN,0,4,1
2169,TNIEGRNA,0,8,2
2170,FIQ,0,3,3
2171,IW,0,2,4
2172,CMPFEH,0,6,0
2173,MEMSNYEHTPY,0,11,1
2174,MNIICYWTEHDQISS,0,15,2
2175,WDMQWIINAYK,0,11,3
2176,MWQN,0,4,4
2177,IQCIML,0,6,0
2178,QFKMHYSEQKLCRW,0,14,1
2179,DNCHHKKTWSN,0,11,2
2180,NVC,0,3,3
2181,SHI,0,3,4
2182,DNC,0,3,0
2183,TSC,0,3,1
2184,SDMEA,0,5,2
2185,SSNYCT,0,6,3
2186,FITLTWRWVF,0,10,4
2187,VCRNYAFCPYTYHHEDC,0,17,0
2188,DVMGEWVPTDMA,0,12,1
2189,WMAYFL,0,6,2
2190,MES,0,3,3
2191,YMT,0,3,4
2192,TTMTWC,0,6,0
2193,VMIQALEPVC,0,10,1
2194,EREQWNPNM,0,9,2
2195,QQM,0,3,3
2196,WTMN,0,4,4
2197,ESHDIKIM,0,8,0
2198,HEVTDFC,0,7,1
2199,KFIIIQVQMDGN,0,12,2
2200,WVYIE,0,5,3
2201,VRRFYCTLHQVF,0,12,4
2202,YFEWFTSAIQCLM,0,13,0
2203,KCV,0,3,1
2204,YFHHC,0,5,2
2205,TCP,0,3,3
2206,FRYYFKRVQWMLC,0,13,4
2207,CHIRH,0,5,0
2208,VRQMMMNQGCIFR,0,13,1
2209,MCIFR,0,5,2
2210,DRS,0,3,3
2211,GTMSAQH,0,7,4
2212,RCFVTFKLWRYEF,0,13,0
2213,IWN,0,3,1
2214,DTNQCIFH,0,8,2
2215,FMCWPWF,0,7,3
2216,KQM,0,3,4
2217,CLR,0,3,0
2218,KNV,0,3,1
2219,WSEMP,0,5,2
2220,MCCRHLPETIARMW,0,14,3
2221,RRWQVHESIKWF,0,12,4
2222,GDYMMRQKWMY,0,11,0
2223,FW,0,2,1
2224,DTSN,0,4,2
2225,GQSMNI,0,6,3
2226,MVP,0,3,4
2227,NFDG,0,4,0
2228,FLFWCI,0,6,1
2229,CYT,0,3,2
2230,KMY,0,3,3
2231,MDLVRWNGNEGRDCKG,0,16,4
2232,CTK,0,3,0
2233,IRWM,0,4,1
2234,NMELLD,0,6,2
2235,HEMTV,0,5,3
2236,VNCK,0,4,4
2237,EDW,0,3,0
2238,TTHCGFRA,0,8,1
2239,MQDMWWKWHYTERF,0,14,2
2240,DFVDN,0,5,3
2241,DQMD,0,4,4
2242,KCR,0,3,0
2243,RDFKI,0,5,1
2244,CN,0,2,2
2245,KRS,0,3,3
2246,HVQN,0,4,4
2247,MEHFA,0,5,0
2248,KRQ,0,3,1
2249,NDSSECH,0,7,2
2250,NNN,0,3,3
2251,MQKQTE,0,6,4
2252,MQEIVW,0,6,0
2253,TVRPDMNE,0,8,1
2254,MLQ,0,3,2
2255,IKMP,0,4,3
2256,MM,0,2,4
2257,NWT,0,3,0
2258,RMQAYVP,0,7,1
2259,KRG,0,3,2
2260,SMESMYWAGK,0,10,3
2261,KQW,0,3,4
2262,WWDH,0,4,0
2263,MYFYL,0,5,1
2264,CYA,0,3,2
2265,HTW,0,3,3
2266,VAIKCM,0,6,4
2267,CDIQL,0,5,0
2268,MFW,0,3,1
2269,KMN,0,3,2
2270,NNI,0,3,3
2271,HSTRKDYKC,0,9,4
2272,IWCKI,0,5,0
2273,FWG,0,3,1
2274,IEFM,0,4,2
2275,SCK,0,3,3
2276,DHKMIQNF,0,8,4
2277,QNM,0,3,0
2278,RRCRDY,0,6,1
2279,WTIKVVI,0,7,2
2280,FDQCV,0,5,3
2281,RTKCFKDHQRRDCV,0,14,4
2282,HCEMY,0,5,0
2283,CML,0,3,1
2284,TCH,0,3,2
2285,MPMKRS,0,6,3
2286,WWTIE,0,5,4
2287,WYI,0,3,0
2288,WVHF,0,4,1
2289,NKQ,0,3,2
2290,ISQMRLCYI,0,9,3
2291,NHI,0,3,4
2292,CLMMA,0,5,0
2293,RHDCTFNQMRWFCL,0,14,1
2294,KCNCEQHM,0,8,2
2295,ECGTT,0,5,3
2296,HNWHPM,0,6,4
2297,IGCGINFCSHFGIV,0,14,0
2298,WG,0,2,1
2299,KSIQTKS,0,7,2
2300,MKSAHNKEWED,0,11,3
2301,MIDHNHWIQVKN,0,12,4
2302,WIQQG,0,5,0
2303,FCRNHDS,0,7,1
2304,CGTKT,0,5,2
2305,MMK,0,3,3
2306,WWG,0,3,4
2307,HNQI,0,4,0
2308,MCQVAPCWCIAGD,0,13,1
2309,TPSMMSYHWA,0,10,2
2310,DKAFQMSQM,0,9,3
2311,MKNWYK,0,6,4
2312,SMWRESV,0,7,0
2313,CTHERKE,0,7,1
2314,QTFM,0,4,2
2315,MCQQGTY,0,7,3
2316,YIVQNPFHMCYHMW,0,14,4
2317,CYIHIFM,0,7,0
2318,CRQ,0,3,1
2319,IME,0,3,2
2320,CLHWMHPSWLLFNC,0,14,3
2321,WYGCLVI,0,7,4
2322,NTHNRMSRCFED,0,12,0
2323,CA,0,2,1
2324,TMFLLHFT,0,8,2
2325,CMN,0,3,3
2326,NTINRVTKEHPGWTAV,0,16,4
2327,SGTCMIGVGNHYERF,0,15,0
2328,RDT,0,3,1
2329,NIQ,0,3,2
2330,QWEF,0,4,3
2331,CDS,0,3,4
2332,NAC,0,3,0
2333,YTCMAC,0,6,1
2334,EFM,0,3,2
2335,TWD,0,3,3
2336,YHC,0,3,4
2337,CRTWDCIIWIL,0,11,0
2338,QSMWW,0,5,1
2339,HTC,0,3,2
2340,DTS,0,3,3
2341,DDEMKWTRPEFSQGS,0,15,4
2342,CFG,0,3,0
2343,GCM,0,3,1
2344,TARMNGKNFT,0,10,2
2345,WDH,0,3,3
2346,WNVEF,0,5,4
2347,KNF,0,3,0
2348,TWF,0,3,1
2349,MQD,0,3,2
2350,NH,0,2,3
2351,RDCKA,0,5,4
2352,CQV,0,3,0
2353,CQ,0,2,1
2354,RMC,0,3,2
2355,NHT,0,3,3
2356,KCH,0,3,4
2357,IRN,0,3,0
2358,VCS,0,3,1
2359,NVT,0,3,2
2360,EEC,0,3,3
2361,MCK,0,3,4
2362,RNGWC,0,5,0
2363,WQS,0,3,1
2364,HHCISP,0,6,2
2365,IQV,0,3,3
2366,MTHPFK,0,6,4
2367,CRS,0,3,0
2368,SYIRTFV,0,7,1
2369,WFGTW,0,5,2
2370,CTGNMNEGKFEM,0,12,3
2371,NRC,0,3,4
2372,SSC,0,3,0
2373,TTVFSWT,0,7,1
2374,KRMGI,0,5,2
2375,GNC,0,3,3
2376,KSCQ,0,4,4
2377,VTWVH,0,5,0
2378,MGS,0,3,1
2379,THW,0,3,2
2380,QRDQF,0,5,3
2381,HQC,0,3,4
2382,TDN,0,3,0
2383,MFVQFVRDD,0,9,1
2384,WQ,0,2,2
2385,MIKAHG,0,6,3
2386,CVRW,0,4,4
2387,WTIIKEM,0,7,0
2388,YYAVTNHECNI,0,11,1
2389,CCH,0,3,2
2390,GWMNADI,0,7,3
2391,KDSD,0,4,4
2392,RQ,0,2,0
2393,MVV,0,3,1
2394,CAETSTQ,0,7,2
2395,IHMGKIQEAEHII,0,13,3
2396,RMHELFTSDYRHHVKDW,0,17,4
2397,DNMTF,0,5,0
2398,RTPNRMLQMKYYGTYIADTK,0,20,1
2399,WFKKVP,0,6,2
2400,IVMSRKYKSHYMFYHV,0,16,3
2401,IKSYCKM,0,7,4
2402,WWQRCGKLWFSLP,0,13,0
2403,NHWMQ,0,5,1
2404,CRNHTMICARKM,0,12,2
2405,NFMW,0,4,3
2406,WEC,0,3,4
2407,SDMRYWW,0,7,0
2408,MCDEPS,0,6,1
2409,RYCVF,0,5,2
2410,WCK,0,3,3
2411,HGC,0,3,4
2412,MAFHLGIERYQS,0,12,0
2413,ICP,0,3,1
2414,IHNCNTQD,0,8,2
2415,NEM,0,3,3
2416,SIC,0,3,4
2417,TRG,0,3,0
2418,MHASD,0,5,1
2419,YWMYK,0,5,2
2420,NMR,0,3,3
2421,DIRFKHRNQ,0,9,4
2422,HCWTANA,0,7,0
2423,SMAMKPQFECT,0,11,1
2424,CSRWF,0,5,2
2425,HDM,0,3,3
2426,MAR,0,3,4
2427,WSIQDN,0,6,0
2428,ADNWWMCTANK,0,11,1
2429,KMM,0,3,2
2430,DSSH,0,4,3
2431,WRMHN,0,5,4
2432,CTD,0,3,0
2433,DNW,0,3,1
2434,DHKKFDSNILISMMNVT,0,17,2
2435,ERC,0,3,3
2436,WHM,0,3,4
2437,RQTQRFV,0,7,0
2438,VCEWVVWMCGMDVFN,0,15,1
2439,FCMQCTHDWS,0,10,2
2440,CVC,0,3,3
2441,CQH,0,3,4
2442,ICE,0,3,0
2443,MVYTKRPFM,0,9,1
2444,HCH,0,3,2
2445,MQT,0,3,3
2446,SYDM,0,4,4
2447,TQN,0,3,0
2448,QCASEMYDA,0,9,1
2449,REW,0,3,2
2450,YIMS,0,4,3
2451,WITHVYCRYLLLCV,0,14,4
2452,VM,0,2,0
2453,TEETCACHS,0,9,1
2454,YMVK,0,4,2
2455,IIIHFEQRCA,0,10,3
2456,WQLMTNVTRHCSV,0,13,4
2457,ECKKKNQ,0,7,0
2458,VWEHKVM,0,7,1
2459,NML,0,3,2
2460,FI,0,2,3
2461,ECAF,0,4,4
2462,RDQ,0,3,0
2463,FIKVMGTCNF,0,10,1
2464,DMDHLYCGAY,0,10,2
2465,KEFCFN,0,6,3
2466,SACWCRWV,0,8,4
2467,QRHWWYSWDQYEKQ,0,14,0
2468,WQQ,0,3,1
2469,KCGTCRHC,0,8,2
2470,MVD,0,3,3
2471,TWA,0,3,4
2472,CDE,0,3,0
2473,CRQN,0,4,1
2474,FNM,0,3,2
2475,WIS,0,3,3
2476,QIRNW,0,5,4
2477,WCTDY,0,5,0
2478,YCISCNCTMQFI,0,12,1
2479,MSN,0,3,2
2480,AMCDDP,0,6,3
2481,MLWDIMFAHAFAAF,0,14,4
2482,CQD,0,3,0
2483,YTHMQP,0,6,1
2484,QIEECHMITFCVWIYKP,0,17,2
2485,AMFQWDIMEHI,0,11,3
2486,CF,0,2,4
2487,WQRADANN,0,8,0
2488,CLN,0,3,1
2489,FKRS,0,4,2
2490,YCCDP,0,5,3
2491,RKLNCM,0,6,4
2492,DQM,0,3,0
2493,DMN,0,3,1
2494,ATC,0,3,2
2495,RQN,0,3,3
2496,WVV,0,3,4
2497,QVFDGDCKQ,0,9,0
2498,MPWS,0,4,1
2499,TEKCCSQE,0,8,2
2500,EINDENSWWA,0,10,3
2501,KRT,0,3,4
2502,NSC,0,3,0
2503,RNFEWWLSQMPY,0,12,1
2504,NCV,0,3,2
2505,IVWMQGW,0,7,3
2506,SWHCIWEVRSK,0,11,4
2507,WWWQISDL,0,8,0
2508,IQC,0,3,1
2509,VIHCN,0,5,2
2510,RMS,0,3,3
2511,QKQV,0,4,4
2512,WKIHI,0,5,0
2513,NQW,0,3,1
2514,MKAYYK,0,6,2
2515,NFPTGMDTMQEKNA,0,14,3
2516,SNKC,0,4,4
2517,DEYHDPHDKEGWRFCMPV,0,18,0
2518,AMTRNYPW,0,8,1
2519,SWNRW,0,5,2
2520,WCEV,0,4,3
2521,KC,0,2,4
2522,RSWKEMYCHHHL,0,12,0
2523,CHRWGIQR,0,8,1
2524,MRW,0,3,2
2525,RDC,0,3,3
2526,NIWKCTMDL,0,9,4
2527,TNKEKH,0,6,0
2528,KSD,0,3,1
2529,ESNRMCWSRE,0,10,2
2530,FYHNMGPCIRHMS,0,13,3
2531,WRRQN,0,5,4
2532,MF,0,2,0
2533,CW,0,2,1
2534,YLERMW,0,6,2
2535,MQYRSKVRHYM,0,11,3
2536,MSQ,0,3,4
2537,SCNMFTDEHQ,0,10,0
2538,VNVKTHRQA,0,9,1
2539,KAMEGKMAMK,0,10,2
2540,RTRNWMMDP,0,9,3
2541,FQMQCTSQGP,0,10,4
2542,NINQ,0,4,0
2543,IEHYVHQEVC,0,10,1
2544,RMQMIA,0,6,2
2545,NFR,0,3,3
2546,FMW,0,3,4
2547,TWQ,0,3,0
2548,CDDRQ,0,5,1
2549,TAFCEDAW,0,8,2
2550,DWR,0,3,3
2551,IQEM,0,4,4
2552,HTV,0,3,0
2553,TAC,0,3,1
2554,VQNMYGW,0,7,2
2555,KMISL,0,5,3
2556,WIT,0,3,4
2557,CTQR,0,4,0
2558,NSH,0,3,1
2559,MICPNGH,0,7,2
2560,CRQMV,0,5,3
2561,FCH,0,3,4
2562,HKC,0,3,0
2563,TDWYCHQG,0,8,1
2564,TM,0,2,2
2565,RRS,0,3,3
2566,WIKAN,0,5,4
2567,CEA,0,3,0
2568,ICFKP,0,5,1
2569,MTCRL,0,5,2
2570,TMH,0,3,3
2571,RTH,0,3,4
2572,CFTVP,0,5,0
2573,MMSC,0,4,1
2574,NDVCIN,0,6,2
2575,VISCQFVK,0,8,3
2576,QTFQ,0,4,4
2577,CKA,0,3,0
2578,WM,0,2,1
2579,ICADSF,0,6,2
2580,DWV,0,3,3
2581,IMK,0,3,4
2582,ECVPMW,0,6,0
2583,WRIEHE,0,6,1
2584,FWN,0,3,2
2585,CVCTECAMFRWSFCFR,0,16,3
2586,HWDSSNPMPKRIFNG,0,15,4
2587,ARMVVC,0,6,0
2588,NDWIMCMCAAQY,0,12,1
2589,TKG,0,3,2
2590,WRSI,0,4,3
2591,ERNID,0,5,4
2592,KTDFGQEDTHKW,0,12,0
2593,KLRMHWRQVP,0,10,1
2594,MGD,0,3,2
2595,EIMNR,0,5,3
2596,HVQQ,0,4,4
2597,KCS,0,3,0
2598,MKPPQTSNCMLETLW,0,15,1
2599,WHV,0,3,2
2600,REYSRYLFHWFVRKQI,0,16,3
2601,FKMFKYQRRVQ,0,11,4
2602,MTYREVKLHIPMI,0,13,0
2603,RCA,0,3,1
2604,NI,0,2,2
2605,HRRIHC,0,6,3
2606,SCRDKVEFQW,0,10,4
2607,CTVAGH,0,6,0
2608,YLIIGCKDDSSFWACTFW,0,18,1
2609,EVREHIDNT,0,9,2
2610,WWTRC,0,5,3
2611,IRM,0,3,4
2612,MINHDIR,0,7,0
2613,CWCNPQ,0,6,1
2614,ICWFVNETDCT,0,11,2
2615,MLF,0,3,3
2616,SW,0,2,4
2617,YCQV,0,4,0
2618,RNSF,0,4,1
2619,VDCSMKACFVRCA,0,13,2
2620,VSCWMQ,0,6,3
2621,WLNMID,0,6,4
2622,RMDFFF,0,6,0
2623,MQV,0,3,1
2624,WSG,0,3,2
2625,QRS,0,3,3
2626,WDC,0,3,4
2627,TIC,0,3,0
2628,VMGI,0,4,1
2629,WMAIKKAGNHNKVM,0,14,2
2630,DMRGNYPKDME,0,11,3
2631,FCIRPFGW,0,8,4
2632,QNQ,0,3,0
2633,NDTAYCE,0,7,1
2634,FECPFCRS,0,8,2
2635,WFH,0,3,3
2636,MVF,0,3,4
2637,CSRYWLN,0,7,0
2638,TWNRYWLDFFIEWT,0,14,1
2639,WIL,0,3,2
2640,SMSWERAM,0,8,3
2641,RHMM,0,4,4
2642,DFVQFCKMPYD,0,11,0
2643,CC,0,2,1
2644,DMD,0,3,2
2645,KGMAV,0,5,3
2646,MD,0,2,4
2647,MEYS,0,4,0
2648,FGCFF,0,5,1
2649,MMVKS,0,5,2
2650,CTAE,0,4,3
2651,QFMMMS,0,6,4
2652,WS,0,2,0
2653,QDH,0,3,1
2654,MRWS,0,4,2
2655,VTM,0,3,3
2656,DQCFMEHDTMQCIMH,0,15,4
2657,IN,0,2,0
2658,NNIWVNRV,0,8,1
2659,YMNH,0,4,2
2660,VRSMREWVK,0,9,3
2661,WI,0,2,4
2662,CFWGCAVFN,0,9,0
2663,RMYQPMHGSG,0,10,1
2664,WIN,0,3,2
2665,MYEW,0,4,3
2666,TIS,0,3,4
2667,REMGV,0,5,0
2668,FTC,0,3,1
2669,QTN,0,3,2
2670,MMHCNQNVF,0,9,3
2671,MQE,0,3,4
2672,WWF,0,3,0
2673,QYECG,0,5,1
2674,FTM,0,3,2
2675,KNWY,0,4,3
2676,TYC,0,3,4
2677,WIMKRFKI,0,8,0
2678,TQWNMWRLK,0,9,1
2679,SMGQ,0,4,2
2680,TFQVRFP,0,7,3
2681,SDCSWEC,0,7,4
2682,VHC,0,3,0
2683,WQNM,0,4,1
2684,FADMW,0,5,2
2685,NARKSW,0,6,3
2686,TKGCQY,0,6,4
2687,MRADPS,0,6,0
2688,GWM,0,3,1
2689,TC,0,2,2
2690,WKN,0,3,3
2691,FWQ,0,3,4
2692,WWHTREMW,0,8,0
2693,HFI,0,3,1
2694,WNAWA,0,5,2
2695,CLIEDFWT,0,8,3
2696,MIHENMW,0,7,4
2697,CNGSSG,0,6,0
2698,QKS,0,3,1
2699,GHSWDWEKSWP,0,11,2
2700,KRC,0,3,3
2701,CSE,0,3,4
2702,RTCQNFF,0,7,0
2703,DMV,0,3,1
2704,QDF,0,3,2
2705,MS,0,2,3
2706,HVV,0,3,4
2707,SHIS,0,4,0
2708,KWVWW,0,5,1
2709,MEKIN,0,5,2
2710,CCI,0,3,3
2711,PERMCV,0,6,4
2712,NNFKAY,0,6,0
2713,FYMTYERP,0,8,1
2714,CCSPRKVE,0,8,2
2715,EMI,0,3,3
2716,EWNWQVCWSN,0,10,4
2717,RT,0,2,0
2718,MRYL,0,4,1
2719,HWLQH,0,5,2
2720,FIKTNQ,0,6,3
2721,IMI,0,3,4
2722,MY,0,2,0
2723,WRDCDL,0,6,1
2724,QDI,0,3,2
2725,VCV,0,3,3
2726,ANCWH,0,5,4
2727,YSRCGSH,0,7,0
2728,VKS,0,3,1
2729,CAD,0,3,2
2730,KKGCEH,0,6,3
2731,WTQTWLYYHCM,0,11,4
2732,ICRM,0,4,0
2733,RNKEF,0,5,1
2734,EMCCTVVF,0,8,2
2735,FVC,0,3,3
2736,QVC,0,3,4
2737,CHQHED,0,6,0
2738,MSA,0,3,1
2739,TRD,0,3,2
2740,HRVVWFCQNK,0,10,3
2741,QDVYHMIDLMKMKCEDA,0,17,4
2742,KEI,0,3,0
2743,DCQDRQW,0,7,1
2744,DAMKNNVQQC,0,10,2
2745,CRV,0,3,3
2746,ISKNRFMKDHTR,0,12,4
2747,DWITIGFYYFASNSF,0,15,0
2748,MRFNAMSP,0,8,1
2749,QLENCWHNCFYV,0,12,2
2750,ECTK,0,4,3
2751,KYRTM,0,5,4
2752,MNC,0,3,0
2753,TMVMIE,0,6,1
2754,QRM,0,3,2
2755,SSCSWKIM,0,8,3
2756,QIQWMCHYLQ,0,10,4
2757,WFPSRQKC,0,8,0
2758,RNIGDKCGN,0,9,1
2759,MYV,0,3,2
2760,MRLY,0,4,3
2761,THV,0,3,4
2762,MSCS,0,4,0
2763,MAQCETM,0,7,1
2764,SSQW,0,4,2
2765,FWTIYS,0,6,3
2766,YSMD,0,4,4
2767,VENMN,0,5,0
2768,QTWLF,0,5,1
2769,MAWECIWWKMVL,0,12,2
2770,DWGTNNAD,0,8,3
2771,RCM,0,3,4
2772,RQAM,0,4,0
2773,RMN,0,3,1
2774,VDNWVCI,0,7,2
2775,SMY,0,3,3
2776,RFFITEKSRE,0,10,4
2777,QAC,0,3,0
2778,SML,0,3,1
2779,CGT,0,3,2
2780,MHTLMQCQVGHAWDIE,0,16,3
2781,RNT,0,3,4
2782,ECTL,0,4,0
2783,DHHCTRWPSE,0,10,1
2784,NRF,0,3,2
2785,YTM,0,3,3
2786,HMI,0,3,4
2787,KMSCNM,0,6,0
2788,MTN,0,3,1
2789,NQG,0,3,2
2790,RNRA,0,4,3
2791,QQW,0,3,4
2792,MRN,0,3,0
2793,HWT,0,3,1
2794,QVFNWMNLR,0,9,2
2795,CVE,0,3,3
2796,MHFPH,0,5,4
2797,FEDTCNHNMN,0,10,0
2798,CQR,0,3,1
2799,EWECIGGCN,0,9,2
2800,EMQPT,0,5,3
2801,ECFYVIHMEQSGMYNHDD,0,18,4
2802,DWTWN,0,5,0
2803,MWKRIGHFH,0,9,1
2804,QMWL,0,4,2
2805,CWTSD,0,5,3
2806,MT,0,2,4
2807,TKS,0,3,0
2808,EMRYT,0,5,1
2809,FMNYSI,0,6,2
2810,IQH,0,3,3
2811,KWM,0,3,4
2812,TMTPI,0,5,0
2813,VRN,0,3,1
2814,MRQ,0,3,2
2815,NDH,0,3,3
2816,TAM,0,3,4
2817,CWAL,0,4,0
2818,MMFFRHIWETG,0,11,1
2819,FNW,0,3,2
2820,EI,0,2,3
2821,NQ,0,2,4
2822,NM,0,2,0
2823,DHI,0,3,1
2824,MTP,0,3,2
2825,WWV,0,3,3
2826,TWT,0,3,4
2827,SCW,0,3,0
2828,CIQ,0,3,1
2829,DCW,0,3,2
2830,FRS,0,3,3
2831,HVQ,0,3,4
2832,QIH,0,3,0
2833,WKG,0,3,1
2834,WKI,0,3,2
2835,DNV,0,3,3
2836,AMM,0,3,4
2837,MQM,0,3,0
2838,IQT,0,3,1
2839,CDC,0,3,2
2840,CSG,0,3,3
2841,HWS,0,3,4
2842,VCQ,0,3,0
2843,QTF,0,3,1
2844,TGM,0,3,2
2845,NCN,0,3,3
2846,CYF,0,3,4
2847,THM,0,3,0
2848,CIK,0,3,1
2849,WDW,0,3,2
2850,MNR,0,3,3
2851,QIQ,0,3,4
2852,RTW,0,3,0
2853,RMI,0,3,1
2854,NMT,0,3,2
2855,TMD,0,3,3
2856,NWI,0,3,4
2857,MEA,0,3,0
2858,NDT,0,3,1
2859,MTV,0,3,2
2860,WWQ,0,3,3
2861,FIC,0,3,4
2862,WWI,0,3,0
2863,CSW,0,3,1
2864,THT,0,3,2
2865,VMA,0,3,3
2866,CTQ,0,3,4
2867,CTR,0,3,0
2868,CSN,0,3,1
2869,EWV,0,3,2
2870,MFH,0,3,3
2871,WVS,0,3,4
2872,MGQ,0,3,0
2873,GDC,0,3,1
2874,DCN,0,3,2
2875,QML,0,3,3
2876,KCG,0,3,4
2877,FMP,0,3,0
2878,VNW,0,3,1
2879,HQQI,0,4,2
2880,MPTI,0,4,3
2881,IWSM,0,4,4
2882,WKSH,0,4,0
2883,TMAQ,0,4,1
2884,MSHK,0,4,2
2885,FTRS,0,4,3
2886,CERR,0,4,4
2887,WFLN,0,4,0
2888,MYQI,0,4,1
2889,NVCR,0,4,2
2890,ETMV,0,4,3
2891,QWCF,0,4,4
2892,KGQM,0,4,0
2893,SMEL,0,4,1
2894,DWQK,0,4,2
2895,QDRC,0,4,3
2896,MITYL,0,5,4
2897,NRNQE,0,5,0
2898,CMALH,0,5,1
2899,VYMGS,0,5,2
2900,MILTK,0,5,3
2901,WSQKG,0,5,4
2902,MRVQY,0,5,0
2903,SSFKS,0,5,1
2904,AMMPW,0,5,2
2905,CCICC,0,5,3
2906,WVEMF,0,5,4
2907,DSHVW,0,5,0
2908,IFDCR,0,5,1
2909,NMLDW,0,5,2
2910,KYWRQR,0,6,3
2911,NNMMFK,0,6,4
2912,QQILRQ,0,6,0
2913,NSTHSC,0,6,1
2914,QCHWQY,0,6,2
2915,CWIEAD,0,6,3
2916,MTKVYY,0,6,4
2917,AKMKKS,0,6,0
2918,DNCDRR,0,6,1
2919,HFSWTF,0,6,2
2920,TQRSAH,0,6,3
2921,TMFAPW,0,6,4
2922,SNSMQR,0,6,0
2923,NMKPWN,0,6,1
2924,DMKWVK,0,6,2
2925,THLWFC,0,6,3
2926,NQVFMM,0,6,4
2927,CHHPCT,0,6,0
2928,ITNSYV,0,6,1
2929,CAQTCY,0,6,2
2930,EMKMQM,0,6,3
2931,VRGCCSE,0,7,4
2932,WPQMDDY,0,7,0
2933,DVNQWCC,0,7,1
2934,CKWVLID,0,7,2
2935,WYQWLKF,0,7,3
2936,FTNSWHM,0,7,4
2937,NSLCCQK,0,7,0
2938,QMFSKGM,0,7,1
2939,TIRDETT,0,7,2
2940,QDYCGNC,0,7,3
2941,NMDVLHT,0,7,4
2942,KNKYQKE,0,7,0
2943,FIKFGMMQ,0,8,1
2944,KNYMLKFS,0,8,2
2945,MNMGMFTH,0,8,3
2946,RVMGHNWL,0,8,4
2947,TQWHCETS,0,8,0
2948,NCTVVWTY,0,8,1
2949,GRIKQMTH,0,8,2
2950,CVWYHINS,0,8,3
2951,DFVIAFME,0,8,4
2952,GFCARDVM,0,8,0
2953,GCHCRRWG,0,8,1
2954,QWQNQDSIY,0,9,2
2955,QNDSMMQCF,0,9,3
2956,CCRCHRGLW,0,9,4
2957,CFIMDVWWQ,0,9,0
2958,KECESQRSW,0,9,1
2959,SSHLMSCDS,0,9,2
2960,FHCTNAQGF,0,9,3
2961,RKIMCNNVL,0,9,4
2962,QRGIWHETW,0,9,0
2963,GMRSADTYA,0,9,1
2964,WMGYDKEKG,0,9,2
2965,NRQSDRNPV,0,9,3
2966,WNRQRLQDK,0,9,4
2967,CYKTDLQMA,0,9,0
2968,FGMVWDGVA,0,9,1
2969,NFGFFECKY,0,9,2
2970,HECQSTVFH,0,9,3
2971,YREMLKTCAP,0,10,4
2972,CLIKPCPYNM,0,10,0
2973,NKGCVISKIA,0,10,1
2974,MFRRRDRTKE,0,10,2
2975,PNFQYVRDFC,0,10,3
2976,HQCLSEPRDH,0,10,4
2977,NIHHWTSWNA,0,10,0
2978,KSWSNWYVCP,0,10,1
2979,QDEKHINDEN,0,10,2
2980,ISHVSMYSVL,0,10,3
2981,TTDRHMTWFC,0,10,4
2982,FCIVHPFFLW,0,10,0
2983,EWFYQTQKCD,0,10,1
2984,QSWIAYTSDQT,0,11,2
2985,TRWDSLCNGTC,0,11,3
2986,VFYFEWDMYNS,0,11,4
2987,NKMFMDVPCQQ,0,11,0
2988,HANQFKNQTYN,0,11,1
2989,TKTRGEHQNFT,0,11,2
2990,IMITHCMPFNN,0,11,3
2991,KGNITWKCVCW,0,11,4
2992,ANHRMLRSRNI,0,11,0
2993,FEWCRIHGRLSS,0,12,1
2994,MRKGNLGWVWHR,0,12,2
2995,VDNANWYGMSLW,0,12,3
2996,KNACYHFCFQTM,0,12,4
2997,TSSTNVCNKWIQ,0,12,0
2998,HMWWQKCEQPAH,0,12,1
2999,HMHYFSVFFYVV,0,12,2
3000,NDMFSDRMREDAN,0,13,3
3001,RMMSLPTFRPMVY,0,13,4
3002,FDMNWYDGNWVKD,0,13,0
3003,RHESSTREHNRIN,0,13,1
3004,CWTWCMADDCVNC,0,13,2
3005,FFNKFWKNHRFWL,0,13,3
3006,NHSHACEWKEGTML,0,14,4
3007,CNPIKYVHITMDHE,0,14,0
3008,FQNQINEETAYGDT,0,14,1
3009,SPDDNSTTCWCVCV,0,14,2
3010,VTKMVLQCGNSDDD,0,14,3
3011,HEHISRQCRGKFCQ,0,14,4
3012,CCMLVCRMRQLQFW,0,14,0
3013,VAVMLEEVIDMHQC,0,14,1
3014,MSHVKPMQLHQTFGK,0,15,2
3015,ASMCQLGESGTYVFT,0,15,3
3016,QGCMFDLIDEQQVYM,0,15,4
3017,EYNIFVTFMRLDDIH,0,15,0
3018,TIMMNAKNIQCHYLQ,0,15,1
3019,VCWHKNGEIFPWINP,0,15,2
3020,QVPSNWSCLQYMITL,0,15,3
3021,CMRKWKMDIIGTQQDE,0,16,4
3022,QPNGIYHHWPHIQWRC,0,16,0
3023,MWECEYVMNDCVMPFH,0,16,1
3024,FRCQPIMWDQIQKKWM,0,16,2
3025,WMIPMFNYGWEQFLNN,0,16,3
3026,SRHKHCFKTNGGIKFL,0,16,4
3027,IKQQCWLNVLYLVKTW,0,16,0
3028,LDGNYQFECQMIDFKH,0,16,1
3029,FGMHRNGTPRKKSCGD,0,16,2
3030,ATAWETMKEVQWYYTI,0,16,3
3031,NGCYSRPECFVNYFGS,0,16,4
3032,CCHPTCAIPHWPQGWQS,0,17,0
3033,MAVWWEVDLDTPCGHWC,0,17,1
3034,ENDTFQILV,0,9,2
3035,NTTMYKER,0,8,3
3036,CGMWTGATQYDQKGRLI,0,17,4
3037,CEDIESKQVSGEQGGCY,0,17,0
3038,MGVYCESLWQIMEQWKK,0,17,1
3039,GKCQLRMWAQMTQTFAF,0,17,2
3040,LRASQWERWMWLKKNNWK,0,18,3
3041,KGCHCCNMMFDPIWKILL,0,18,4
3042,TYDARHKGCCFAAEKRVW,0,18,0
3043,WWADEWDCNRYAIICGGG,0,18,1
3044,IVDDMDFYWIINMNTVMQ,0,18,2
3045,RMYHGMMMWSMIVLRGLI,0,18,3
3046,INWHPRFMVNYDTQCEATT,0,19,4
3047,VVWQPHIDVEMHWKIMCAS,0,19,0
3048,HTEYHTLCHCGEMNCHPHW,0,19,1
3049,LNRSKHVCRKATHVEGNNS,0,19,2
3050,MTRCRDNYCNWFAQPVIDY,0,19,3
3051,CDYMFKHYYGQVMSFAIYI,0,19,4
3052,YANVFENASGQPPLMNTMEQ,0,20,0
3053,PQDVRLDQNNWSVWKRMCLN,0,20,1
3054,SEAESTYIGTMAQFHWLTRY,0,20,2
3055,LHNTAKDAACCVMNQWYQNF,0,20,3
3056,YIKDMYWMR,0,9,4
3057,DFDKI,0,5,0
3058,CKNGWSKHT,0,9,1
3059,IFTIR,0,5,2
3060,RWTQIWGSNRFY,0,12,3
3061,QKT,0,3,4
3062,TMKTFW,0,6,0
3063,FII,0,3,1
3064,WSATQHC,0,7,2
3065,EFW,0,3,3
3066,WAYMA,0,5,4
3067,FWF,0,3,0
3068,KG,0,2,1
3069,QNF,0,3,2
3070,AMNGDQSDHRDIVP,0,14,3
3071,DTM,0,3,4
3072,TMF,0,3,0
3073,RFTSG,0,5,1
3074,FSTYFHYCI,0,9,2
3075,DKSTF,0,5,3
3076,II,0,2,4
3077,RCK,0,3,0
3078,IVFWHSRS,0,8,1
3079,DFN,0,3,2
3080,AFM,0,3,3
3081,INAHKWNMF,0,9,4
3082,QITTY,0,5,0
3083,NFT,0,3,1
3084,QRRF,0,4,2
3085,YNI,0,3,3
3086,TNA,0,3,4
3087,IRT,0,3,0
3088,KIM,0,3,1
3089,ADHKHTMDGCFI,0,12,2
3090,NQD,0,3,3
3091,ISCSG,0,5,4
3092,MGMECI,0,6,0
3093,CGGQAMGCIYWCFD,0,14,1
3094,RQILV,0,5,2
3095,NEF,0,3,3
3096,QNIP,0,4,4
3097,NVQ,0,3,0
3098,SCVHES,0,6,1
3099,NDLWCMSRAYYY,0,12,2
3100,NSVM,0,4,3
3101,QMN,0,3,4
3102,MKVLKINS,0,8,0
3103,RI,0,2,1
3104,IEFCSFSIW,0,9,2
3105,DNKRF,0,5,3
3106,FSSN,0,4,4
3107,KGEMRQNQSDQSY,0,13,0
3108,ACCYWK,0,6,1
3109,MIV,0,3,2
3110,REVV,0,4,3
3111,ERN,0,3,4
3112,CIWNAM,0,6,0
3113,NMLWAWSP,0,8,1
3114,KAIMG,0,5,2
3115,IGSGDNCCFSL,0,11,3
3116,AMQD,0,4,4
3117,CTPRC,0,5,0
3118,QMSPTKMQSQ,0,10,1
3119,KEN,0,3,2
3120,GVTCTTHWP,0,9,3
3121,YERS,0,4,4
3122,FGSTNMHY,0,8,0
3123,QMF,0,3,1
3124,DSI,0,3,2
3125,MCNYWPCEVP,0,10,3
3126,SFDWQA,0,6,4
3127,DVMACASGCNR,0,11,0
3128,ITHT,0,4,1
3129,NWRQ,0,4,2
3130,RTKRNWITQCWE,0,12,3
3131,WCDWDCYYES,0,10,4
3132,FTF,0,3,0
3133,VNWHKF,0,6,1
3134,NCFWMRG,0,7,2
3135,DWSCLC,0,6,3
3136,FICF,0,4,4
3137,QTMGKG,0,6,0
3138,VWLKQV,0,6,1
3139,QHGMI,0,5,2
3140,NQN,0,3,3
3141,FQQKTMTPHYP,0,11,4
3142,WYRSVITVFR,0,10,0
3143,NMN,0,3,1
3144,AFAFNSWINH,0,10,2
3145,MTFW,0,4,3
3146,VCN,0,3,4
3147,NIV,0,3,0
3148,NPYNCEHCKLRRIF,0,14,1
3149,TCHQTFAD,0,8,2
3150,IQIVQCSGTCNWQ,0,13,3
3151,MKSI,0,4,4
3152,FKI,0,3,0
3153,IFQAT,0,5,1
3154,NSQ,0,3,2
3155,TMV,0,3,3
3156,ELGWCDVWMA,0,10,4
3157,NWKE,0,4,0
3158,WQCWAKS,0,7,1
3159,QRC,0,3,2
3160,TQVWAMKEMR,0,10,3
3161,NKWGDDWTMMRE,0,12,4
3162,CSYS,0,4,0
3163,KHWG,0,4,1
3164,FMLYCFVQ,0,8,2
3165,TFT,0,3,3
3166,FSQW,0,4,4
3167,MAW,0,3,0
3168,QMWGGGV,0,7,1
3169,FQVCPRFIK,0,9,2
3170,CVHGV,0,5,3
3171,KPRECN,0,6,4
3172,QWEWSLK,0,7,0
3173,DNSWWDPTS,0,9,1
3174,ERS,0,3,2
3175,TKDMMPY,0,7,3
3176,FVS,0,3,4
3177,ENI,0,3,0
3178,FIRTRDVCM,0,9,1
3179,SMK,0,3,2
3180,DNI,0,3,3
3181,QIN,0,3,4
3182,SNI,0,3,0
3183,KMPCQDEV,0,8,1
3184,DMHGEFQAKFP,0,11,2
3185,HWLHQHCRINIG,0,12,3
3186,IDT,0,3,4
3187,QRE,0,3,0
3188,QRA,0,3,1
3189,HCDTIINDNDIHRL,0,14,2
3190,INVHAS,0,6,3
3191,EWFGWKN,0,7,4
3192,RTF,0,3,0
3193,IQHKYSWTEHIHLY,0,14,1
3194,MAF,0,3,2
3195,WFTGSSCFP,0,9,3
3196,MSKYWPNHDENRWK,0,14,4
3197,KRQN,0,4,0
3198,NGM,0,3,1
3199,YSWMPTDFNSVM,0,12,2
3200,QIIRG,0,5,3
3201,SWG,0,3,4
3202,NNK,0,3,0
3203,TFF,0,3,1
3204,CAEGCGEHLC,0,10,2
3205,KKQDV,0,5,3
3206,WVDCW,0,5,4
3207,TSRI,0,4,0
3208,MAACCNAMHYVAN,0,13,1
3209,MCRMN,0,5,2
3210,NYDW,0,4,3
3211,INI,0,3,4
3212,TDT,0,3,0
3213,ITI,0,3,1
3214,RSS,0,3,2
3215,TVTSSTYRHREG,0,12,3
3216,CNTWM,0,5,4
3217,NQMNQVGG,0,8,0
3218,TEINWQ,0,6,1
3219,KCWYQAPA,0,8,2
3220,NCSYCFNQIRK,0,11,3
3221,YFRS,0,4,4
3222,PMCRMHW,0,7,0
3223,FIN,0,3,1
3224,KWQW,0,4,2
3225,GQDWKAMSL,0,9,3
3226,DFS,0,3,4
3227,QN,0,2,0
3228,NAWVCLGFMLS,0,11,1
3229,IKHFVR,0,6,2
3230,VCRNI,0,5,3
3231,RDFAEQF,0,7,4
3232,KFW,0,3,0
3233,TFW,0,3,1
3234,WR,0,2,2
3235,MCN,0,3,3
3236,TKMSCCPVSV,0,10,4
3237,GMNDRR,0,6,0
3238,WCGFL,0,5,1
3239,QRG,0,3,2
3240,MLV,0,3,3
3241,QMV,0,3,4
3242,AKTCLFM,0,7,0
3243,NTWRI,0,5,1
3244,IKAMFF,0,6,2
3245,MNS,0,3,3
3246,MPQIRVV,0,7,4
3247,WCQT,0,4,0
3248,TML,0,3,1
3249,KRTCPM,0,6,2
3250,IND,0,3,3
3251,CCMFGDQ,0,7,4
3252,WIR,0,3,0
3253,VRS,0,3,1
3254,QQN,0,3,2
3255,QEDW,0,4,3
3256,CGEVSRNRN,0,9,4
3257,SYSMLCMKPM,0,10,0
3258,NDWRHETYCWLL,0,12,1
3259,SHAEM,0,5,2
3260,MTNVC,0,5,3
3261,RRI,0,3,4
3262,RRMVNH,0,6,0
3263,HYCK,0,4,1
3264,IVRPWCHRHIMN,0,12,2
3265,TFCVLK,0,6,3
3266,DQMPHGVAFKTCQ,0,13,4
3267,NTVPCLYNQFT,0,11,0
3268,SCCEWMCWHT,0,10,1
3269,TQF,0,3,2
3270,KNFMA,0,5,3
3271,EWMIHIGV,0,8,4
3272,CQDVWF,0,6,0
3273,EWVKTERQGNCVG,0,13,1
3274,TCVFNS,0,6,2
3275,CVRFG,0,5,3
3276,NMEKSCATSSGHK,0,13,4
3277,MRMLCWFPW,0,9,0
3278,MSW,0,3,1
3279,CNCGR,0,5,2
3280,QDIMVW,0,6,3
3281,NIFKF,0,5,4
3282,CCWEDL,0,6,0
3283,RCPQH,0,5,1
3284,SRNT,0,4,2
3285,MRQYSN,0,6,3
3286,QFR,0,3,4
3287,KS,0,2,0
3288,CCEYNWATWL,0,10,1
3289,MPYWFGSC,0,8,2
3290,SDW,0,3,3
3291,FWS,0,3,4
3292,MNWERK,0,6,0
3293,RNM,0,3,1
3294,IINQTE,0,6,2
3295,WLSSFCACKFF,0,11,3
3296,GHWKGNM,0,7,4
3297,RLAYTWQGMC,0,10,0
3298,RNV,0,3,1
3299,KCN,0,3,2
3300,QRT,0,3,3
3301,ISMEKFG,0,7,4
3302,TNSYIDLR,0,8,0
3303,WVR,0,3,1
3304,FSQWR,0,5,2
3305,QIQDYC,0,6,3
3306,RPSQADCC,0,8,4
3307,WTRAF,0,5,0
3308,RM,0,2,1
3309,LTCTARRTCHAVCG,0,14,2
3310,IKTD,0,4,3
3311,WRD,0,3,4
3312,QMA,0,3,0
3313,TVTI,0,4,1
3314,CWCIN,0,5,2
3315,MASWHVKMKEKCH,0,13,3
3316,VNYWWAK,0,7,4
3317,IRKKAGC,0,7,0
3318,CQKGM,0,5,1
3319,CIRAP,0,5,2
3320,ICCMLSS,0,7,3
3321,KTF,0,3,4
3322,MNNFVHMWFDTP,0,12,0
3323,WIRSINYETVFA,0,12,1
3324,IVSSSTERCKWNY,0,13,2
3325,SSWFEITV,0,8,3
3326,VNN,0,3,4
3327,MIEV,0,4,0
3328,WEFGEMMRNM,0,10,1
3329,RNVV,0,4,2
3330,HCTDNP,0,6,3
3331,TICRKT,0,6,4
3332,YRVNRN,0,6,0
3333,NIDEWW,0,6,1
3334,DWGCVSQH,0,8,2
3335,NDMFTQ,0,6,3
3336,TND,0,3,4
3337,WQTTQSA,0,7,0
3338,WTIENMCG,0,8,1
3339,CTLFHESMCNCER,0,13,2
3340,TCTMKGRMK,0,9,3
3341,NDIKTAF,0,7,4
3342,CHQCS,0,5,0
3343,MTVIAS,0,6,1
3344,ICLIAIFN,0,8,2
3345,QDAFCFIARRL,0,11,3
3346,QFI,0,3,4
3347,WWGCYDFNV,0,9,0
3348,DFIN,0,4,1
3349,IHICCR,0,6,2
3350,NFLDD,0,5,3
3351,YDM,0,3,4
3352,YMNAVGW,0,7,0
3353,TVMF,0,4,1
3354,NRI,0,3,2
3355,ILNC,0,4,3
3356,LVWIFWMM,0,8,4
3357,KSN,0,3,0
3358,DNACHCKQFWP,0,11,1
3359,FRC,0,3,2
3360,TGTCYQG,0,7,3
3361,ATIQWQWNNQ,0,10,4
3362,WIEIRN,0,6,0
3363,RS,0,2,1
3364,TKW,0,3,2
3365,YRM,0,3,3
3366,FFN,0,3,4
3367,MID,0,3,0
3368,MNP,0,3,1
3369,YFWCLQMLA,0,9,2
3370,YEMTFT,0,6,3
3371,SDTWDVIRAYPRNR,0,14,4
3372,FFT,0,3,0
3373,RVMWAEKYI,0,9,1
3374,QVECTY,0,6,2
3375,GGMHCNTWEPT,0,11,3
3376,CGTMF,0,5,4
3377,HNFW,0,4,0
3378,KYCFEYCTLDKSQ,0,13,1
